--
-- PostgreSQL database dump
--

-- Dumped from database version 17.2 (Ubuntu 17.2-1.pgdg22.04+1)
-- Dumped by pg_dump version 17.2 (Ubuntu 17.2-1.pgdg22.04+1)

SET statement_timeout = 0;
SET lock_timeout = 0;
SET idle_in_transaction_session_timeout = 0;
SET transaction_timeout = 0;
SET client_encoding = 'UTF8';
SET standard_conforming_strings = on;
SELECT pg_catalog.set_config('search_path', '', false);
SET check_function_bodies = false;
SET xmloption = content;
SET client_min_messages = warning;
SET row_security = off;

SET default_tablespace = '';

SET default_table_access_method = heap;

--
-- Name: book; Type: TABLE; Schema: public; Owner: postgres
--

CREATE TABLE public.book (
    book_id integer NOT NULL,
    date date NOT NULL
);


ALTER TABLE public.book OWNER TO postgres;

--
-- Name: book_book_id_seq; Type: SEQUENCE; Schema: public; Owner: postgres
--

ALTER TABLE public.book ALTER COLUMN book_id ADD GENERATED ALWAYS AS IDENTITY (
    SEQUENCE NAME public.book_book_id_seq
    START WITH 1
    INCREMENT BY 1
    NO MINVALUE
    NO MAXVALUE
    CACHE 1
);


--
-- Name: category; Type: TABLE; Schema: public; Owner: postgres
--

CREATE TABLE public.category (
    category_id integer NOT NULL,
    name character varying(500) NOT NULL
);


ALTER TABLE public.category OWNER TO postgres;

--
-- Name: category_category_id_seq; Type: SEQUENCE; Schema: public; Owner: postgres
--

ALTER TABLE public.category ALTER COLUMN category_id ADD GENERATED ALWAYS AS IDENTITY (
    SEQUENCE NAME public.category_category_id_seq
    START WITH 1
    INCREMENT BY 1
    NO MINVALUE
    NO MAXVALUE
    CACHE 1
);


--
-- Name: config; Type: TABLE; Schema: public; Owner: postgres
--

CREATE TABLE public.config (
    config_id integer NOT NULL,
    name character varying(500),
    description character varying(2000),
    value character varying(500)
);


ALTER TABLE public.config OWNER TO postgres;

--
-- Name: config_config_id_seq; Type: SEQUENCE; Schema: public; Owner: postgres
--

ALTER TABLE public.config ALTER COLUMN config_id ADD GENERATED ALWAYS AS IDENTITY (
    SEQUENCE NAME public.config_config_id_seq
    START WITH 1
    INCREMENT BY 1
    NO MINVALUE
    NO MAXVALUE
    CACHE 1
);


--
-- Name: location; Type: TABLE; Schema: public; Owner: postgres
--

CREATE TABLE public.location (
    location_id integer NOT NULL,
    name character varying(500) NOT NULL,
    region_id integer NOT NULL
);


ALTER TABLE public.location OWNER TO postgres;

--
-- Name: observation; Type: TABLE; Schema: public; Owner: postgres
--

CREATE TABLE public.observation (
    observation_id integer NOT NULL,
    date date,
    location_id integer,
    species_id integer,
    photo_id integer,
    quantity integer,
    observation_type_id integer,
    comment character varying(2000)
);


ALTER TABLE public.observation OWNER TO postgres;

--
-- Name: photo; Type: TABLE; Schema: public; Owner: postgres
--

CREATE TABLE public.photo (
    photo_id integer NOT NULL,
    file_path character varying(1000),
    image_data bytea,
    "time" timestamp(0) without time zone
);


ALTER TABLE public.photo OWNER TO postgres;

--
-- Name: species; Type: TABLE; Schema: public; Owner: postgres
--

CREATE TABLE public.species (
    species_id integer NOT NULL,
    name character varying(500) NOT NULL,
    category_id integer NOT NULL
);


ALTER TABLE public.species OWNER TO postgres;

--
-- Name: denorm_obs; Type: VIEW; Schema: public; Owner: postgres
--

CREATE VIEW public.denorm_obs AS
 SELECT o.date,
    COALESCE(p.file_path, 'inget foto'::character varying) AS photo,
    l.name AS location,
    s.name AS species
   FROM (((public.observation o
     JOIN public.location l USING (location_id))
     JOIN public.species s USING (species_id))
     LEFT JOIN public.photo p USING (photo_id));


ALTER VIEW public.denorm_obs OWNER TO postgres;

--
-- Name: location_location_id_seq; Type: SEQUENCE; Schema: public; Owner: postgres
--

ALTER TABLE public.location ALTER COLUMN location_id ADD GENERATED ALWAYS AS IDENTITY (
    SEQUENCE NAME public.location_location_id_seq
    START WITH 1
    INCREMENT BY 1
    NO MINVALUE
    NO MAXVALUE
    CACHE 1
);


--
-- Name: observation_observation_id_seq; Type: SEQUENCE; Schema: public; Owner: postgres
--

ALTER TABLE public.observation ALTER COLUMN observation_id ADD GENERATED ALWAYS AS IDENTITY (
    SEQUENCE NAME public.observation_observation_id_seq
    START WITH 1
    INCREMENT BY 1
    NO MINVALUE
    NO MAXVALUE
    CACHE 1
);


--
-- Name: observation_type; Type: TABLE; Schema: public; Owner: postgres
--

CREATE TABLE public.observation_type (
    observation_type_id integer NOT NULL,
    name character varying(500)
);


ALTER TABLE public.observation_type OWNER TO postgres;

--
-- Name: observation_type_observation_type_id_seq; Type: SEQUENCE; Schema: public; Owner: postgres
--

ALTER TABLE public.observation_type ALTER COLUMN observation_type_id ADD GENERATED ALWAYS AS IDENTITY (
    SEQUENCE NAME public.observation_type_observation_type_id_seq
    START WITH 1
    INCREMENT BY 1
    NO MINVALUE
    NO MAXVALUE
    CACHE 1
);


--
-- Name: photo_photo_id_seq; Type: SEQUENCE; Schema: public; Owner: postgres
--

ALTER TABLE public.photo ALTER COLUMN photo_id ADD GENERATED ALWAYS AS IDENTITY (
    SEQUENCE NAME public.photo_photo_id_seq
    START WITH 1
    INCREMENT BY 1
    NO MINVALUE
    NO MAXVALUE
    CACHE 1
);


--
-- Name: printout; Type: TABLE; Schema: public; Owner: postgres
--

CREATE TABLE public.printout (
    book_id integer NOT NULL,
    photo_id integer NOT NULL,
    page integer NOT NULL
);


ALTER TABLE public.printout OWNER TO postgres;

--
-- Name: region; Type: TABLE; Schema: public; Owner: postgres
--

CREATE TABLE public.region (
    region_id integer NOT NULL,
    name character varying(500) NOT NULL
);


ALTER TABLE public.region OWNER TO postgres;

--
-- Name: region_region_id_seq; Type: SEQUENCE; Schema: public; Owner: postgres
--

ALTER TABLE public.region ALTER COLUMN region_id ADD GENERATED ALWAYS AS IDENTITY (
    SEQUENCE NAME public.region_region_id_seq
    START WITH 1
    INCREMENT BY 1
    NO MINVALUE
    NO MAXVALUE
    CACHE 1
);


--
-- Name: species_species_id_seq; Type: SEQUENCE; Schema: public; Owner: postgres
--

ALTER TABLE public.species ALTER COLUMN species_id ADD GENERATED ALWAYS AS IDENTITY (
    SEQUENCE NAME public.species_species_id_seq
    START WITH 1
    INCREMENT BY 1
    NO MINVALUE
    NO MAXVALUE
    CACHE 1
);


--
-- Data for Name: book; Type: TABLE DATA; Schema: public; Owner: postgres
--

COPY public.book (book_id, date) FROM stdin;
1	2024-05-06
\.


--
-- Data for Name: category; Type: TABLE DATA; Schema: public; Owner: postgres
--

COPY public.category (category_id, name) FROM stdin;
1	svanar
2	änder
3	gäss
4	doppingar
5	duvor
6	falkar
7	vråkar
8	örnar
9	flyghöns
10	gökar
11	hackspettar
12	hökar
13	höns
14	lommar
15	pelikanfåglar
16	praktfåglar
17	seglare
18	skärrfåglar
19	storkar
20	stormfåglar
21	sulor
22	tranor
23	rallar
24	trappfåglar
25	tättingar
26	sångare
27	mesar
28	finkar
29	trastar
30	ugglor
31	övriga vadare
32	måsar
33	tärnor
34	trutar
35	spovar
36	snäppor
37	pipare
38	labbar
39	beckasiner
40	grisslor
41	sparvar
42	lärkor
43	svalor
44	flugsnappare
45	piplärkor
46	kråkfåglar
47	skvättor
48	övriga tättingar
49	hägrar
50	ärlor
51	skarvar
\.


--
-- Data for Name: config; Type: TABLE DATA; Schema: public; Owner: postgres
--

COPY public.config (config_id, name, description, value) FROM stdin;
1	photo-path-prefix	The part of the file path that's common to all photos, starting from ~.	pCloudDrive/Photos/faglar
\.


--
-- Data for Name: location; Type: TABLE DATA; Schema: public; Owner: postgres
--

COPY public.location (location_id, name, region_id) FROM stdin;
1	30m-kärret	19
2	Ågesta	43
3	Albrynna kalkbrott	29
4	Ammarnäs	21
5	Angarn	43
6	Ängskär	51
7	Årstabrons norra fäste	43
8	Åsebol	47
9	Asköviken	57
10	Åstön	17
11	Bällstaberg	55
12	Banvallen	15
13	Barkarby	18
14	Beijershamn	29
15	Berlins fågelsjö	9
16	Boholmen	22
17	Broängarna	52
18	Brostugan	20
19	Davtajavrrie	2
20	Djurgården	5
21	Fågelsundet	46
22	Fellingsbro	59
23	Fibbetorpsskogen	26
24	Årike Fyris	53
25	Fysingen	36
26	Garphyttan	25
27	Gåseborg	18
28	Gdansk	34
29	Gimelton	42
30	Grimsta	56
31	Hågadalen	53
32	Håkansbodaberget	59
33	Hemma	15
34	Hjälstaviken	13
35	Hönö	10
36	Hornborgasjön	58
37	Hoting	17
38	Hundudden	5
39	Isbladskärret	5
40	Johannisbergs våtmark	57
41	Kalkbrottet, Uskavi	59
42	Kindla	25
43	Kista	19
44	Knuthöjdsmossen	25
45	Kopparberg	59
46	Kvicksund	59
47	Kvismaren	25
48	Kyrksjön	1
49	Kärsön	6
50	Landsberga (gårdsbutiken)	7
51	Ledskär	51
52	Löa	59
53	Łomża	24
54	Lovön	6
55	Lövstaslätten	7
56	Maglarps sandtag	39
57	Mellan hoting och sundsvall	3
58	Mörbylånga	29
59	Nockeby	43
60	Norr mälarstrand	43
61	Notholmen	49
62	Nyberget	11
63	Nyfors	50
64	Ölands södra udde	29
65	Orrspelsmyren tiveden	47
66	Oset	30
67	Östernäs brygga	37
68	Ottenby	29
69	Ottenby fågelstation	29
70	Pershyttan	26
71	Puttes båt	45
72	Råcksta träsk	12
73	Rådmansö	27
74	Råstasjön	41
75	Rödskär	46
76	Rosersberg	38
77	Rydaslätten	7
78	Säby gård	19
79	Säbysjön	19
80	Sandemar	14
81	Siggeboda	54
82	Siggebohyttan	54
83	Skeppsbron	43
84	Skinnskatteberg	59
85	Slagsta	4
86	Spegeldammen	44
87	Stäket	18
88	Stenåsa	29
89	Strba tatranska	35
90	Strbske pleso	35
91	Strömbron	43
92	Strömmen	43
93	Svartåmynningen	23
94	Svensbodaberget	8
95	Sörskogen	16
96	Tåkern	31
97	Tiveden	47
98	Tjulträsk	2
99	Tomten	15
100	Inifrån	15
101	Torö	28
102	Traneröds mosse	39
103	Tyresö slott	48
104	Tysslingen	25
105	Ukta	32
106	Uskavi	59
107	Uttran	4
108	Utvälinge	39
109	Vattenverksdammarna Vetlanda	40
110	Vombs ängar	39
111	Zakopane	33
\.


--
-- Data for Name: observation; Type: TABLE DATA; Schema: public; Owner: postgres
--

COPY public.observation (observation_id, date, location_id, species_id, photo_id, quantity, observation_type_id, comment) FROM stdin;
1	2024-04-29	1	14	1	\N	\N	\N
2	2024-04-29	1	14	2	\N	\N	\N
3	2024-04-29	1	14	3	\N	\N	\N
4	2024-04-29	1	14	4	\N	\N	\N
5	2024-04-29	1	14	5	\N	\N	\N
6	2024-04-29	1	18	6	\N	\N	\N
7	2024-04-29	1	18	7	\N	\N	\N
8	2024-04-29	1	14	8	\N	\N	\N
9	2024-04-29	1	14	9	\N	\N	\N
10	2024-04-29	1	14	10	\N	\N	\N
11	2024-04-29	1	14	11	\N	\N	\N
12	2024-04-29	1	14	12	\N	\N	\N
13	2023-07-08	4	19	13	\N	\N	\N
14	2023-07-08	4	19	14	\N	\N	\N
15	2023-07-08	4	19	15	\N	\N	\N
16	2023-07-08	4	176	16	\N	\N	\N
17	2023-07-08	4	176	17	\N	\N	\N
18	2023-07-08	4	176	18	\N	\N	\N
19	2023-07-10	4	83	19	\N	\N	\N
20	2023-07-10	4	83	20	\N	\N	\N
21	2023-07-10	4	83	21	\N	\N	\N
22	2023-07-10	4	178	22	\N	\N	\N
23	2023-07-10	4	178	23	\N	\N	\N
24	2023-07-10	4	178	24	\N	\N	\N
25	2023-07-10	4	178	25	\N	\N	\N
26	2023-07-10	4	178	26	\N	\N	\N
27	2023-07-10	4	94	27	\N	\N	\N
28	2023-07-10	4	94	28	\N	\N	\N
29	2023-07-10	4	94	29	\N	\N	\N
30	2023-07-10	4	94	30	\N	\N	\N
31	2023-07-10	4	94	31	\N	\N	\N
32	2023-07-10	4	\N	32	\N	\N	\N
33	2023-07-10	4	\N	33	\N	\N	\N
34	2023-07-10	4	\N	34	\N	\N	\N
35	2023-07-10	4	\N	35	\N	\N	\N
36	2023-07-10	4	\N	36	\N	\N	\N
37	2023-07-10	4	\N	37	\N	\N	\N
38	2023-07-10	4	132	38	\N	\N	\N
39	2023-07-10	4	132	39	\N	\N	\N
40	2023-07-10	4	132	40	\N	\N	\N
41	2023-07-10	4	178	41	\N	\N	\N
42	2023-07-10	4	178	42	\N	\N	\N
43	2023-07-10	4	178	43	\N	\N	\N
44	2023-07-10	4	178	44	\N	\N	\N
45	2023-07-10	4	178	45	\N	\N	\N
46	2023-07-10	4	178	46	\N	\N	\N
47	2023-07-10	4	178	47	\N	\N	\N
48	2023-07-10	4	178	48	\N	\N	\N
49	2023-07-10	4	178	49	\N	\N	\N
50	2023-07-10	4	178	50	\N	\N	\N
51	2023-07-10	4	178	51	\N	\N	\N
52	2023-07-10	4	178	52	\N	\N	\N
53	2023-07-10	4	178	53	\N	\N	\N
54	2023-07-10	4	178	54	\N	\N	\N
55	2023-07-10	4	178	55	\N	\N	\N
56	2023-07-10	4	178	56	\N	\N	\N
57	2023-07-10	4	178	57	\N	\N	\N
58	2023-07-10	4	94	58	\N	\N	\N
59	2023-07-10	4	94	59	\N	\N	\N
60	2023-07-10	4	94	60	\N	\N	\N
61	2023-07-10	4	132	61	\N	\N	\N
62	2023-07-10	4	132	62	\N	\N	\N
63	2023-07-10	4	94	63	\N	\N	\N
64	2023-07-10	4	94	64	\N	\N	\N
65	2023-07-10	4	132	65	\N	\N	\N
66	2023-07-10	4	132	66	\N	\N	\N
67	2023-07-10	4	132	67	\N	\N	\N
68	2024-07-12	6	40	68	\N	\N	\N
69	2024-07-12	6	40	69	\N	\N	\N
70	2024-07-12	6	34	70	\N	\N	\N
71	2024-07-12	6	34	71	\N	\N	\N
72	2024-07-12	6	34	72	\N	\N	\N
73	2024-07-12	6	34	73	\N	\N	\N
74	2024-07-12	6	\N	74	\N	\N	\N
75	2024-07-12	6	34	75	\N	\N	\N
76	2024-07-12	6	34	76	\N	\N	\N
77	2024-07-12	6	\N	77	\N	\N	\N
78	2023-07-15	10	183	78	\N	\N	\N
79	2023-07-15	10	183	79	\N	\N	\N
80	2023-07-15	10	183	80	\N	\N	\N
81	2023-07-15	10	183	81	\N	\N	\N
82	2023-07-15	10	42	82	\N	\N	\N
83	2023-07-15	10	42	83	\N	\N	\N
84	2023-07-15	10	183	84	\N	\N	\N
85	2023-07-15	10	183	85	\N	\N	\N
86	2023-07-15	10	183	86	\N	\N	\N
87	2023-07-15	10	183	87	\N	\N	\N
88	2023-07-15	10	183	88	\N	\N	\N
89	2023-07-15	10	183	89	\N	\N	\N
90	2023-07-15	10	183	90	\N	\N	\N
91	2023-07-15	10	183	91	\N	\N	\N
92	2023-07-15	10	182	92	\N	\N	\N
93	2023-07-15	10	182	93	\N	\N	\N
94	2023-07-15	10	53	94	\N	\N	\N
95	2023-07-15	10	53	95	\N	\N	\N
96	2023-07-15	10	53	96	\N	\N	\N
97	2023-07-15	10	53	97	\N	\N	\N
98	2023-07-17	15	12	98	\N	\N	\N
99	2023-07-17	15	12	99	\N	\N	\N
100	2023-07-17	15	12	100	\N	\N	\N
101	2023-07-17	15	12	101	\N	\N	\N
102	2023-07-17	15	15	102	\N	\N	\N
103	2023-07-17	15	15	103	\N	\N	\N
104	2023-07-17	15	15	104	\N	\N	\N
105	2023-07-17	15	15	105	\N	\N	\N
106	2023-07-17	15	15	106	\N	\N	\N
107	2023-07-17	15	63	107	\N	\N	\N
108	2023-07-17	15	63	108	\N	\N	\N
109	2023-07-17	15	63	109	\N	\N	\N
110	2023-07-17	15	63	110	\N	\N	\N
111	2022-08-22	33	19	111	\N	\N	\N
112	2022-08-22	33	19	112	\N	\N	\N
113	2022-08-22	33	19	113	\N	\N	\N
114	2022-08-22	33	19	114	\N	\N	\N
115	2022-08-22	33	19	115	\N	\N	\N
116	2022-08-22	33	19	116	\N	\N	\N
117	2022-08-22	33	19	117	\N	\N	\N
118	2022-08-22	33	19	118	\N	\N	\N
119	2022-08-22	33	19	119	\N	\N	\N
120	2022-08-22	33	19	120	\N	\N	\N
121	2022-08-22	33	19	121	\N	\N	\N
122	2023-03-25	17	\N	122	\N	\N	\N
123	2023-03-25	17	\N	123	\N	\N	\N
124	2023-03-25	17	\N	124	\N	\N	\N
125	2023-03-25	17	\N	125	\N	\N	\N
126	2023-03-25	17	\N	126	\N	\N	\N
127	2023-03-25	17	\N	127	\N	\N	\N
128	2023-03-25	17	\N	128	\N	\N	\N
129	2023-03-25	17	\N	129	\N	\N	\N
130	2023-03-25	17	\N	130	\N	\N	\N
131	2023-03-25	17	\N	131	\N	\N	\N
132	2023-03-25	17	\N	132	\N	\N	\N
133	2023-03-25	17	\N	133	\N	\N	\N
134	2023-03-25	17	144	134	\N	\N	\N
135	2023-03-25	17	1	135	\N	\N	\N
136	2023-03-25	17	\N	136	\N	\N	\N
137	2023-03-25	17	\N	137	\N	\N	\N
138	2023-03-25	17	\N	138	\N	\N	\N
139	2023-03-25	17	\N	139	\N	\N	\N
140	2023-03-25	17	\N	140	\N	\N	\N
141	2023-03-25	17	\N	141	\N	\N	\N
142	2023-03-25	17	\N	142	\N	\N	\N
143	2023-03-25	17	1	143	\N	\N	\N
144	2023-03-25	17	67	144	\N	\N	\N
145	2023-03-25	17	67	145	\N	\N	\N
146	2023-03-25	17	67	146	\N	\N	\N
147	2023-03-25	17	67	147	\N	\N	\N
148	2023-03-25	17	67	148	\N	\N	\N
149	2023-03-25	17	67	149	\N	\N	\N
150	2023-03-25	17	67	150	\N	\N	\N
151	2023-03-25	17	67	151	\N	\N	\N
152	2023-10-15	23	140	152	\N	\N	\N
153	2023-10-15	23	140	153	\N	\N	\N
154	2023-10-15	23	140	154	\N	\N	\N
155	2023-10-15	23	140	155	\N	\N	\N
156	2023-10-15	23	140	156	\N	\N	\N
157	2023-02-06	104	156	157	\N	\N	\N
158	2023-02-06	104	156	158	\N	\N	\N
159	2023-02-06	104	156	159	\N	\N	\N
160	2023-02-06	104	156	160	\N	\N	\N
161	2023-02-06	104	156	161	\N	\N	\N
162	2023-02-06	104	156	162	\N	\N	\N
163	2023-02-06	104	156	163	\N	\N	\N
164	2023-02-06	104	156	164	\N	\N	\N
165	2023-02-06	104	156	165	\N	\N	\N
166	2023-02-06	104	156	166	\N	\N	\N
167	2023-02-06	104	156	167	\N	\N	\N
168	2023-02-06	104	156	168	\N	\N	\N
169	2023-02-06	104	156	169	\N	\N	\N
170	2023-02-06	104	156	170	\N	\N	\N
171	2023-02-06	104	156	171	\N	\N	\N
172	2022-10-08	25	\N	172	\N	\N	\N
173	2022-10-08	25	\N	173	\N	\N	\N
174	2022-10-08	25	\N	174	\N	\N	\N
175	2022-10-08	25	\N	175	\N	\N	\N
176	2022-10-08	25	73	176	\N	\N	\N
177	2022-10-08	25	\N	177	\N	\N	\N
178	2022-10-08	25	\N	178	\N	\N	\N
179	2022-10-08	25	\N	179	\N	\N	\N
180	2022-10-08	25	\N	180	\N	\N	\N
181	2022-10-08	25	\N	181	\N	\N	\N
182	2022-10-08	25	\N	182	\N	\N	\N
183	2022-10-08	25	145	183	\N	\N	\N
184	2022-10-08	25	145	184	\N	\N	\N
185	2022-10-08	25	\N	185	\N	\N	\N
186	2022-10-08	25	1	186	\N	\N	\N
187	2022-10-08	25	73	187	\N	\N	\N
188	2022-10-08	25	73	188	\N	\N	\N
189	2022-10-08	25	\N	189	\N	\N	\N
190	2022-10-08	25	1	190	\N	\N	\N
191	2023-01-07	25	65	191	\N	\N	\N
192	2023-01-07	25	20	192	\N	\N	\N
193	2023-01-07	25	54	193	\N	\N	\N
194	2023-01-07	25	47	194	\N	\N	\N
195	2023-01-07	25	\N	195	\N	\N	\N
196	2023-01-07	25	65	196	\N	\N	\N
197	2023-01-07	25	54	197	\N	\N	\N
198	2023-01-07	25	54	198	\N	\N	\N
199	2023-01-07	25	54	199	\N	\N	\N
200	2023-01-07	25	54	200	\N	\N	\N
201	2023-01-07	25	54	201	\N	\N	\N
202	2023-01-07	25	54	202	\N	\N	\N
203	2023-01-07	25	54	203	\N	\N	\N
204	2023-01-07	25	65	204	\N	\N	\N
205	2023-01-07	25	71	205	\N	\N	\N
206	2023-01-07	25	71	206	\N	\N	\N
207	2023-01-07	25	71	207	\N	\N	\N
208	2023-01-07	25	71	208	\N	\N	\N
209	2023-01-07	25	\N	209	\N	\N	\N
210	2023-01-07	25	51	210	\N	\N	\N
211	2023-01-07	25	65	211	\N	\N	\N
212	2023-01-07	25	65	212	\N	\N	\N
213	2023-01-07	25	61	213	\N	\N	\N
214	2023-01-07	25	61	214	\N	\N	\N
215	2023-01-07	25	61	215	\N	\N	\N
216	2023-01-15	25	51	216	\N	\N	\N
217	2023-01-15	25	58	217	\N	\N	\N
218	2023-01-15	25	\N	218	\N	\N	\N
219	2023-01-15	25	58	219	\N	\N	\N
220	2023-01-15	25	45	220	\N	\N	\N
221	2023-01-15	25	65	221	\N	\N	\N
222	2023-01-15	25	65	222	\N	\N	\N
223	2023-01-15	25	45	223	\N	\N	\N
224	2023-01-15	25	45	224	\N	\N	\N
225	2023-01-15	25	45	225	\N	\N	\N
226	2023-01-15	25	61	226	\N	\N	\N
227	2023-01-15	25	61	227	\N	\N	\N
228	2023-01-15	25	61	228	\N	\N	\N
229	2023-01-15	25	61	229	\N	\N	\N
230	2023-01-15	25	61	230	\N	\N	\N
231	2023-01-15	25	61	231	\N	\N	\N
232	2023-01-15	25	61	232	\N	\N	\N
233	2023-01-15	25	\N	233	\N	\N	\N
234	2023-01-15	25	65	234	\N	\N	\N
235	2023-01-15	25	65	235	\N	\N	\N
236	2023-01-15	25	65	236	\N	\N	\N
237	2023-04-10	25	43	237	\N	\N	\N
238	2023-04-10	25	43	238	\N	\N	\N
239	2023-04-10	25	43	239	\N	\N	\N
240	2023-04-10	25	43	240	\N	\N	\N
241	2023-04-10	25	50	241	\N	\N	\N
242	2023-04-10	25	50	242	\N	\N	\N
243	2023-04-10	25	50	243	\N	\N	\N
244	2023-04-10	25	50	244	\N	\N	\N
245	2023-04-10	25	162	245	\N	\N	\N
246	2023-04-10	25	162	246	\N	\N	\N
247	2023-04-10	25	50	247	\N	\N	\N
248	2023-04-10	25	50	248	\N	\N	\N
249	2023-04-10	25	50	249	\N	\N	\N
250	2023-04-10	25	50	250	\N	\N	\N
251	2023-04-10	25	50	251	\N	\N	\N
252	2023-04-10	25	50	252	\N	\N	\N
253	2023-04-10	25	50	253	\N	\N	\N
254	2023-04-10	25	50	254	\N	\N	\N
255	2023-04-10	25	162	255	\N	\N	\N
256	2023-04-10	25	13	256	\N	\N	\N
257	2023-04-10	25	\N	257	\N	\N	\N
258	2023-04-10	25	\N	258	\N	\N	\N
259	2023-04-10	25	\N	259	\N	\N	\N
260	2023-04-10	25	\N	260	\N	\N	\N
261	2023-04-10	25	164	261	\N	\N	\N
262	2023-04-10	25	164	262	\N	\N	\N
263	2023-04-10	25	164	263	\N	\N	\N
264	2023-04-10	25	\N	264	\N	\N	\N
265	2023-04-10	25	13	265	\N	\N	\N
266	2023-04-10	25	50	266	\N	\N	\N
267	2023-09-30	25	33	267	\N	\N	\N
268	2023-09-30	25	33	268	\N	\N	\N
269	2023-09-30	25	33	269	\N	\N	\N
270	2023-09-30	25	33	270	\N	\N	\N
271	2023-09-30	25	\N	271	\N	\N	\N
272	2023-09-30	25	\N	272	\N	\N	\N
273	2023-09-30	25	\N	273	\N	\N	\N
274	2023-09-30	25	\N	274	\N	\N	\N
275	2023-09-30	25	\N	275	\N	\N	\N
276	2023-09-30	25	\N	276	\N	\N	\N
277	2023-09-30	25	\N	277	\N	\N	\N
278	2023-09-30	25	\N	278	\N	\N	\N
279	2023-09-30	25	\N	279	\N	\N	\N
280	2023-09-30	25	\N	280	\N	\N	\N
281	2023-09-30	25	\N	281	\N	\N	\N
282	2023-09-30	25	\N	282	\N	\N	\N
283	2024-01-10	25	147	283	\N	\N	\N
284	2024-01-10	25	\N	284	\N	\N	\N
285	2024-01-10	25	\N	285	\N	\N	\N
286	2024-01-10	25	\N	286	\N	\N	\N
287	2024-01-10	25	\N	287	\N	\N	\N
288	2024-01-10	25	\N	288	\N	\N	\N
289	2024-01-10	25	\N	289	\N	\N	\N
290	2024-01-10	25	61	290	\N	\N	\N
291	2024-01-10	25	\N	291	\N	\N	\N
292	2024-01-10	25	\N	292	\N	\N	\N
293	2024-01-10	25	\N	293	\N	\N	\N
294	2024-01-10	25	\N	294	\N	\N	\N
295	2024-01-10	25	\N	295	\N	\N	\N
296	2024-01-10	25	58	296	\N	\N	\N
297	2024-01-10	25	31	297	\N	\N	\N
298	2024-01-10	25	147	298	\N	\N	\N
299	2024-01-10	25	147	299	\N	\N	\N
300	2024-01-10	25	147	300	\N	\N	\N
301	2024-01-10	25	147	301	\N	\N	\N
302	2024-01-10	25	147	302	\N	\N	\N
303	2024-01-10	25	147	303	\N	\N	\N
304	2024-01-10	25	147	304	\N	\N	\N
305	2024-01-10	25	61	305	\N	\N	\N
306	2024-01-10	25	61	306	\N	\N	\N
307	2024-01-10	25	61	307	\N	\N	\N
308	2024-01-10	25	61	308	\N	\N	\N
309	2024-01-10	25	61	309	\N	\N	\N
310	2024-02-04	26	52	310	\N	\N	\N
311	2024-02-04	26	47	311	\N	\N	\N
312	2024-02-04	26	47	312	\N	\N	\N
313	2024-02-04	26	45	313	\N	\N	\N
314	2024-02-04	26	45	314	\N	\N	\N
315	2024-02-04	26	45	315	\N	\N	\N
316	2024-02-04	26	45	316	\N	\N	\N
317	2022-09-03	27	\N	317	\N	\N	\N
318	2022-09-03	27	\N	318	\N	\N	\N
319	2022-09-03	27	\N	319	\N	\N	\N
320	2022-09-03	27	45	320	\N	\N	\N
321	2022-09-03	27	8	321	\N	\N	\N
322	2022-09-03	27	47	322	\N	\N	\N
323	2022-09-03	27	47	323	\N	\N	\N
324	2022-09-03	27	47	324	\N	\N	\N
325	2022-09-03	27	47	325	\N	\N	\N
326	2023-07-12	29	90	326	\N	\N	\N
327	2023-07-12	29	90	327	\N	\N	\N
328	2023-07-12	29	90	328	\N	\N	\N
329	2023-07-12	29	90	329	\N	\N	\N
330	2023-07-12	29	90	330	\N	\N	\N
331	2023-07-12	29	90	331	\N	\N	\N
332	2023-07-12	29	90	332	\N	\N	\N
333	2023-07-12	29	90	333	\N	\N	\N
334	2023-07-12	29	90	334	\N	\N	\N
335	2023-07-12	29	90	335	\N	\N	\N
336	2023-07-12	29	90	336	\N	\N	\N
337	2023-07-12	29	90	337	\N	\N	\N
338	2023-07-12	29	90	338	\N	\N	\N
339	2023-07-12	29	90	339	\N	\N	\N
340	2023-07-12	29	90	340	\N	\N	\N
341	2023-07-12	29	90	341	\N	\N	\N
342	2023-07-12	29	90	342	\N	\N	\N
343	2023-07-12	29	90	343	\N	\N	\N
344	2023-07-12	29	90	344	\N	\N	\N
345	2023-07-12	29	53	345	\N	\N	\N
346	2023-07-12	29	85	346	\N	\N	\N
347	2023-07-12	29	85	347	\N	\N	\N
348	2023-07-12	29	85	348	\N	\N	\N
349	2023-07-12	29	85	349	\N	\N	\N
350	2024-03-04	31	72	350	\N	\N	\N
351	2024-03-04	31	72	351	\N	\N	\N
352	2024-03-04	31	86	352	\N	\N	\N
353	2024-03-04	31	61	353	\N	\N	\N
354	2024-03-04	31	20	354	\N	\N	\N
355	2024-03-04	31	20	355	\N	\N	\N
356	2024-03-04	31	72	356	\N	\N	\N
357	2022-08-14	33	21	357	\N	\N	\N
358	2022-08-14	33	21	358	\N	\N	\N
359	2022-08-14	33	88	359	\N	\N	\N
360	2022-08-14	33	88	360	\N	\N	\N
361	2022-08-14	33	88	361	\N	\N	\N
362	2022-08-14	33	51	362	\N	\N	\N
363	2022-08-14	33	51	363	\N	\N	\N
364	2022-08-14	33	88	364	\N	\N	\N
365	2022-08-14	33	88	365	\N	\N	\N
366	2022-08-14	33	88	366	\N	\N	\N
367	2022-08-14	33	88	367	\N	\N	\N
368	2022-08-14	33	88	368	\N	\N	\N
369	2022-08-14	33	88	369	\N	\N	\N
370	2022-08-14	33	88	370	\N	\N	\N
371	2022-08-14	33	88	371	\N	\N	\N
372	2022-08-14	33	88	372	\N	\N	\N
373	2022-08-14	33	88	373	\N	\N	\N
374	2022-08-14	33	88	374	\N	\N	\N
375	2022-08-14	33	88	375	\N	\N	\N
376	2022-08-14	33	88	376	\N	\N	\N
377	2022-08-14	33	88	377	\N	\N	\N
378	2022-08-14	33	88	378	\N	\N	\N
379	2022-08-14	33	88	379	\N	\N	\N
380	2022-08-14	33	88	380	\N	\N	\N
381	2022-08-14	33	88	381	\N	\N	\N
382	2022-08-14	33	88	382	\N	\N	\N
383	2022-08-14	33	88	383	\N	\N	\N
384	2022-08-14	33	\N	384	\N	\N	\N
385	2022-08-14	33	51	385	\N	\N	\N
386	2022-08-14	33	51	386	\N	\N	\N
387	2022-08-14	33	51	387	\N	\N	\N
388	2022-08-14	33	51	388	\N	\N	\N
389	2022-08-14	33	51	389	\N	\N	\N
390	2022-08-14	33	\N	390	\N	\N	\N
391	2022-08-16	33	20	391	\N	\N	\N
392	2022-08-16	33	21	392	\N	\N	\N
393	2022-09-29	33	65	393	\N	\N	\N
394	2022-09-29	33	65	394	\N	\N	\N
395	2022-09-29	33	45	395	\N	\N	\N
396	2022-09-29	33	45	396	\N	\N	\N
397	2022-09-29	33	21	397	\N	\N	\N
398	2022-09-29	33	45	398	\N	\N	\N
399	2022-09-29	33	65	399	\N	\N	\N
400	2023-03-13	33	61	400	\N	\N	\N
401	2023-03-13	33	61	401	\N	\N	\N
402	2023-03-13	33	61	402	\N	\N	\N
403	2023-03-13	33	61	403	\N	\N	\N
404	2023-03-13	33	61	404	\N	\N	\N
405	2023-03-13	33	61	405	\N	\N	\N
406	2023-03-13	33	61	406	\N	\N	\N
407	2023-03-13	33	61	407	\N	\N	\N
408	2023-03-13	33	\N	408	\N	\N	\N
409	2024-02-17	33	45	409	\N	\N	\N
410	2024-02-17	33	\N	410	\N	\N	\N
411	2024-02-17	33	21	411	\N	\N	\N
412	2024-02-17	33	21	412	\N	\N	\N
413	2024-02-17	33	21	413	\N	\N	\N
414	2024-03-01	33	45	414	\N	\N	\N
415	2024-03-01	33	45	415	\N	\N	\N
416	2024-03-01	33	45	416	\N	\N	\N
417	2024-03-01	33	45	417	\N	\N	\N
418	2024-03-01	33	45	418	\N	\N	\N
419	2024-03-01	33	45	419	\N	\N	\N
420	2024-03-01	33	51	420	\N	\N	\N
421	2024-03-01	33	51	421	\N	\N	\N
422	2024-03-01	33	51	422	\N	\N	\N
423	2023-12-27	33	61	423	\N	\N	\N
424	2023-12-27	33	61	424	\N	\N	\N
425	2023-12-27	33	61	425	\N	\N	\N
426	2023-12-27	33	61	426	\N	\N	\N
427	2023-12-27	33	61	427	\N	\N	\N
428	2023-12-27	33	61	428	\N	\N	\N
429	2023-12-27	33	61	429	\N	\N	\N
430	2023-12-27	33	61	430	\N	\N	\N
431	2023-12-27	33	21	431	\N	\N	\N
432	2023-12-27	33	21	432	\N	\N	\N
433	2023-12-27	33	61	433	\N	\N	\N
434	2024-01-07	33	20	434	\N	\N	\N
435	2024-01-07	33	20	435	\N	\N	\N
436	2024-01-07	33	20	436	\N	\N	\N
437	2024-01-07	33	20	437	\N	\N	\N
438	2024-01-07	33	20	438	\N	\N	\N
439	2024-01-07	33	20	439	\N	\N	\N
440	2024-01-07	33	20	440	\N	\N	\N
441	2024-01-07	33	20	441	\N	\N	\N
442	2024-05-02	33	16	442	\N	\N	\N
443	2024-05-02	33	16	443	\N	\N	\N
444	2024-05-02	33	16	444	\N	\N	\N
445	2024-05-02	33	16	445	\N	\N	\N
446	2024-05-02	33	16	446	\N	\N	\N
447	2024-05-02	33	16	447	\N	\N	\N
448	2024-05-02	33	16	448	\N	\N	\N
449	2024-05-02	33	16	449	\N	\N	\N
450	2022-09-17	34	1	450	\N	\N	\N
451	2022-09-17	34	1	451	\N	\N	\N
452	2022-09-17	34	1	452	\N	\N	\N
453	2022-09-17	34	1	453	\N	\N	\N
454	2022-09-17	34	1	454	\N	\N	\N
455	2022-09-17	34	1	455	\N	\N	\N
456	2022-09-17	34	1	456	\N	\N	\N
457	2022-09-17	34	1	457	\N	\N	\N
458	2022-09-17	34	1	458	\N	\N	\N
459	2022-09-17	34	1	459	\N	\N	\N
460	2022-09-17	34	1	460	\N	\N	\N
461	2022-09-17	34	1	461	\N	\N	\N
462	2022-09-17	34	1	462	\N	\N	\N
463	2022-09-17	34	1	463	\N	\N	\N
464	2022-09-17	34	1	464	\N	\N	\N
465	2022-09-17	34	1	465	\N	\N	\N
466	2022-09-17	34	1	466	\N	\N	\N
467	2022-09-17	34	\N	467	\N	\N	\N
468	2022-09-17	34	\N	468	\N	\N	\N
469	2022-09-17	34	\N	469	\N	\N	\N
470	2022-09-17	34	26	470	\N	\N	\N
471	2022-09-17	34	\N	471	\N	\N	\N
472	2022-09-17	34	\N	472	\N	\N	\N
473	2022-09-17	34	\N	473	\N	\N	\N
474	2022-09-17	34	\N	474	\N	\N	\N
475	2022-09-17	34	\N	475	\N	\N	\N
476	2022-09-17	34	\N	476	\N	\N	\N
477	2022-09-17	34	\N	477	\N	\N	\N
478	2022-09-17	34	\N	478	\N	\N	\N
479	2022-09-17	34	\N	479	\N	\N	\N
480	2022-09-17	34	\N	480	\N	\N	\N
481	2022-09-17	34	130	481	\N	\N	\N
482	2022-09-17	34	146	482	\N	\N	\N
483	2024-02-28	34	69	483	\N	\N	\N
484	2024-02-28	34	69	484	\N	\N	\N
485	2024-02-28	34	69	485	\N	\N	\N
486	2024-02-28	34	69	486	\N	\N	\N
487	2024-02-28	34	48	487	\N	\N	\N
488	2024-02-28	34	48	488	\N	\N	\N
489	2024-02-28	34	48	489	\N	\N	\N
490	2024-02-28	34	48	490	\N	\N	\N
491	2024-02-28	34	48	491	\N	\N	\N
492	2024-02-28	34	48	492	\N	\N	\N
493	2024-02-28	34	162	493	\N	\N	\N
494	2024-02-28	34	162	494	\N	\N	\N
495	2024-02-28	34	162	495	\N	\N	\N
496	2024-02-28	34	162	496	\N	\N	\N
497	2024-02-28	34	162	497	\N	\N	\N
498	2024-02-28	34	162	498	\N	\N	\N
499	2024-02-28	34	162	499	\N	\N	\N
500	2024-02-28	34	162	500	\N	\N	\N
501	2024-02-28	34	162	501	\N	\N	\N
502	2024-02-28	34	162	502	\N	\N	\N
503	2024-02-28	34	162	503	\N	\N	\N
504	2024-02-28	34	12	504	\N	\N	\N
505	2024-02-28	34	12	505	\N	\N	\N
506	2024-02-28	34	12	506	\N	\N	\N
507	2024-02-28	34	12	507	\N	\N	\N
508	2024-02-28	34	69	508	\N	\N	\N
509	2024-02-28	34	12	509	\N	\N	\N
510	2024-02-28	34	12	510	\N	\N	\N
511	2024-02-28	34	12	511	\N	\N	\N
512	2022-12-30	11	150	512	\N	\N	\N
513	2022-12-30	11	150	513	\N	\N	\N
514	2022-12-30	11	150	514	\N	\N	\N
515	2022-12-30	11	150	515	\N	\N	\N
516	2022-12-30	11	150	516	\N	\N	\N
517	2022-12-30	11	150	517	\N	\N	\N
518	2022-12-30	11	150	518	\N	\N	\N
519	2022-12-30	11	150	519	\N	\N	\N
520	2022-12-30	11	150	520	\N	\N	\N
521	2022-12-30	11	150	521	\N	\N	\N
522	2022-12-30	11	150	522	\N	\N	\N
523	2022-12-30	11	150	523	\N	\N	\N
524	2022-12-30	11	150	524	\N	\N	\N
525	2022-12-30	11	150	525	\N	\N	\N
526	2022-12-30	11	150	526	\N	\N	\N
527	2022-12-30	11	150	527	\N	\N	\N
528	2022-12-30	11	150	528	\N	\N	\N
529	2022-12-30	11	150	529	\N	\N	\N
530	2022-12-30	11	150	530	\N	\N	\N
531	2022-12-30	11	150	531	\N	\N	\N
532	2022-12-30	11	150	532	\N	\N	\N
533	2022-12-30	11	150	533	\N	\N	\N
534	2022-12-30	11	150	534	\N	\N	\N
535	2022-12-30	11	150	535	\N	\N	\N
536	2022-12-30	11	150	536	\N	\N	\N
537	2022-12-30	11	150	537	\N	\N	\N
538	2024-01-26	39	62	538	\N	\N	\N
539	2024-01-26	39	62	539	\N	\N	\N
540	2024-01-26	39	62	540	\N	\N	\N
541	2024-01-26	39	62	541	\N	\N	\N
542	2024-01-26	39	62	542	\N	\N	\N
543	2024-01-26	39	62	543	\N	\N	\N
544	2024-01-26	39	151	544	\N	\N	\N
545	2024-01-26	39	151	545	\N	\N	\N
546	2024-01-26	39	151	546	\N	\N	\N
547	2024-01-26	39	151	547	\N	\N	\N
548	2024-01-26	39	151	548	\N	\N	\N
549	2024-01-26	39	151	549	\N	\N	\N
550	2023-05-18	40	134	550	\N	\N	\N
551	2023-05-18	40	134	551	\N	\N	\N
552	2023-05-18	40	134	552	\N	\N	\N
553	2023-05-18	40	134	553	\N	\N	\N
554	2023-05-18	40	134	554	\N	\N	\N
555	2023-05-18	40	134	555	\N	\N	\N
556	2023-05-18	40	134	556	\N	\N	\N
557	2023-05-18	40	134	557	\N	\N	\N
558	2023-05-18	40	134	558	\N	\N	\N
559	2023-05-18	40	134	559	\N	\N	\N
560	2023-05-18	40	135	560	\N	\N	\N
561	2023-05-18	40	135	561	\N	\N	\N
562	2023-05-18	40	135	562	\N	\N	\N
563	2023-05-18	40	135	563	\N	\N	\N
564	2023-05-18	40	135	564	\N	\N	\N
565	2023-05-18	40	135	565	\N	\N	\N
566	2023-05-18	40	169	566	\N	\N	\N
567	2023-05-18	40	169	567	\N	\N	\N
568	2023-05-18	40	169	568	\N	\N	\N
569	2023-05-18	40	169	569	\N	\N	\N
570	2023-05-18	40	169	570	\N	\N	\N
571	2023-05-18	40	169	571	\N	\N	\N
572	2023-05-18	40	169	572	\N	\N	\N
573	2023-05-18	40	135	573	\N	\N	\N
574	2023-05-18	40	135	574	\N	\N	\N
575	2023-05-18	40	135	575	\N	\N	\N
576	2023-05-18	40	169	576	\N	\N	\N
577	2023-05-18	40	169	577	\N	\N	\N
578	2023-05-18	40	169	578	\N	\N	\N
579	2023-05-18	40	135	579	\N	\N	\N
580	2023-05-18	40	135	580	\N	\N	\N
581	2023-05-18	40	135	581	\N	\N	\N
582	2023-05-18	40	135	582	\N	\N	\N
583	2023-05-18	40	135	583	\N	\N	\N
584	2023-05-18	40	135	584	\N	\N	\N
585	2023-05-18	40	134	585	\N	\N	\N
586	2023-05-18	40	134	586	\N	\N	\N
587	2023-05-18	40	134	587	\N	\N	\N
588	2023-05-18	40	134	588	\N	\N	\N
589	2023-05-18	40	135	589	\N	\N	\N
590	2023-05-18	40	135	590	\N	\N	\N
591	2023-05-18	40	135	591	\N	\N	\N
592	2023-05-18	40	135	592	\N	\N	\N
593	2023-05-18	40	135	593	\N	\N	\N
594	2023-05-18	40	135	594	\N	\N	\N
595	2023-05-18	40	135	595	\N	\N	\N
596	2023-05-18	40	135	596	\N	\N	\N
597	2023-05-18	40	135	597	\N	\N	\N
598	2023-05-18	40	135	598	\N	\N	\N
599	2023-05-18	40	135	599	\N	\N	\N
600	2023-05-18	40	135	600	\N	\N	\N
601	2023-05-18	40	135	601	\N	\N	\N
602	2023-05-18	40	40	602	\N	\N	\N
603	2023-05-18	40	40	603	\N	\N	\N
604	2023-05-18	40	112	604	\N	\N	\N
605	2023-05-18	40	112	605	\N	\N	\N
606	2023-05-18	40	112	606	\N	\N	\N
607	2023-05-18	40	112	607	\N	\N	\N
608	2023-05-18	40	112	608	\N	\N	\N
609	2023-05-18	40	112	609	\N	\N	\N
610	2023-05-18	40	112	610	\N	\N	\N
611	2023-05-18	40	\N	611	\N	\N	\N
612	2023-05-18	40	\N	612	\N	\N	\N
613	2023-02-26	83	8	613	\N	\N	\N
614	2023-02-26	83	8	614	\N	\N	\N
615	2023-02-26	83	8	615	\N	\N	\N
616	2023-02-26	83	8	616	\N	\N	\N
617	2023-02-26	83	8	617	\N	\N	\N
618	2023-02-26	83	8	618	\N	\N	\N
619	2023-02-26	83	8	619	\N	\N	\N
620	2023-02-26	83	157	620	\N	\N	\N
621	2023-02-26	83	157	621	\N	\N	\N
622	2023-02-26	83	157	622	\N	\N	\N
623	2023-02-26	83	157	623	\N	\N	\N
624	2023-05-20	44	2	624	\N	\N	\N
625	2023-05-20	44	171	625	\N	\N	\N
626	2023-05-20	44	171	626	\N	\N	\N
627	2023-05-20	44	171	627	\N	\N	\N
628	2023-05-20	44	171	628	\N	\N	\N
629	2023-05-20	44	171	629	\N	\N	\N
630	2023-05-20	44	171	630	\N	\N	\N
631	2023-05-20	44	171	631	\N	\N	\N
632	2023-05-20	44	171	632	\N	\N	\N
633	2023-05-20	44	171	633	\N	\N	\N
634	2023-05-20	44	171	634	\N	\N	\N
635	2023-05-20	44	171	635	\N	\N	\N
636	2023-05-20	44	74	636	\N	\N	\N
637	2023-05-20	44	74	637	\N	\N	\N
638	2023-05-20	44	74	638	\N	\N	\N
639	2023-05-20	44	74	639	\N	\N	\N
640	2023-05-20	44	78	640	\N	\N	\N
641	2023-05-20	44	78	641	\N	\N	\N
642	2023-05-20	44	78	642	\N	\N	\N
643	2023-05-20	44	78	643	\N	\N	\N
644	2023-05-20	44	74	644	\N	\N	\N
645	2023-05-20	44	74	645	\N	\N	\N
646	2023-05-20	44	\N	646	\N	\N	\N
647	2023-05-20	44	170	647	\N	\N	\N
648	2023-05-20	44	170	648	\N	\N	\N
649	2023-05-20	44	170	649	\N	\N	\N
650	2023-05-20	44	170	650	\N	\N	\N
651	2023-05-20	44	170	651	\N	\N	\N
652	2023-05-20	44	170	652	\N	\N	\N
653	2023-05-20	44	170	653	\N	\N	\N
654	2023-05-20	44	170	654	\N	\N	\N
655	2023-05-20	44	170	655	\N	\N	\N
656	2023-05-20	44	170	656	\N	\N	\N
657	2023-05-20	44	170	657	\N	\N	\N
658	2023-05-20	44	170	658	\N	\N	\N
659	2023-05-20	44	170	659	\N	\N	\N
660	2023-05-20	44	170	660	\N	\N	\N
661	2023-05-20	44	170	661	\N	\N	\N
662	2023-05-20	44	170	662	\N	\N	\N
663	2023-05-20	44	170	663	\N	\N	\N
664	2023-05-20	44	63	664	\N	\N	\N
665	2023-05-20	44	63	665	\N	\N	\N
666	2023-05-20	44	63	666	\N	\N	\N
667	2023-05-20	44	63	667	\N	\N	\N
668	2023-05-20	44	11	668	\N	\N	\N
669	2023-05-20	44	78	669	\N	\N	\N
670	2023-07-27	51	\N	670	\N	\N	\N
671	2023-07-27	51	\N	671	\N	\N	\N
672	2023-07-27	51	96	672	\N	\N	\N
673	2023-07-27	51	56	673	\N	\N	\N
674	2023-07-27	51	65	674	\N	\N	\N
675	2023-07-27	51	65	675	\N	\N	\N
676	2023-07-27	51	\N	676	\N	\N	\N
677	2023-07-27	51	\N	677	\N	\N	\N
678	2023-07-27	51	\N	678	\N	\N	\N
679	2023-07-27	51	\N	679	\N	\N	\N
680	2023-07-27	51	32	680	\N	\N	\N
681	2023-07-27	51	\N	681	\N	\N	\N
682	2023-07-27	51	32	682	\N	\N	\N
683	2023-01-01	54	58	683	\N	\N	\N
684	2023-01-01	54	\N	684	\N	\N	\N
685	2023-01-01	54	20	685	\N	\N	\N
686	2023-01-01	54	20	686	\N	\N	\N
687	2023-01-01	54	20	687	\N	\N	\N
688	2023-01-01	54	20	688	\N	\N	\N
689	2023-01-01	54	20	689	\N	\N	\N
690	2023-01-01	54	58	690	\N	\N	\N
691	2023-01-01	54	58	691	\N	\N	\N
692	2023-01-01	54	58	692	\N	\N	\N
693	2023-01-01	54	46	693	\N	\N	\N
694	2023-01-01	54	46	694	\N	\N	\N
695	2023-01-01	54	46	695	\N	\N	\N
696	2023-01-01	54	42	696	\N	\N	\N
697	2024-02-20	\N	187	697	\N	\N	\N
698	2024-02-20	\N	187	698	\N	\N	\N
699	2024-02-20	\N	187	699	\N	\N	\N
700	2024-02-20	\N	187	700	\N	\N	\N
701	2024-02-20	\N	187	701	\N	\N	\N
702	2024-02-20	\N	187	702	\N	\N	\N
703	2024-02-20	\N	187	703	\N	\N	\N
704	2024-06-16	56	201	704	\N	\N	\N
705	2024-06-16	56	201	705	\N	\N	\N
706	2024-06-16	56	201	706	\N	\N	\N
707	2024-06-16	56	201	707	\N	\N	\N
708	2024-06-16	56	201	708	\N	\N	\N
709	2024-06-16	56	201	709	\N	\N	\N
710	2024-06-16	56	201	710	\N	\N	\N
711	2024-06-16	56	201	711	\N	\N	\N
712	2024-06-16	56	201	712	\N	\N	\N
713	2024-06-16	56	201	713	\N	\N	\N
714	2024-06-16	56	201	714	\N	\N	\N
715	2024-06-16	56	201	715	\N	\N	\N
716	2024-06-16	56	201	716	\N	\N	\N
717	2024-06-16	56	201	717	\N	\N	\N
718	2024-06-16	56	201	718	\N	\N	\N
719	2024-06-16	56	201	719	\N	\N	\N
720	2024-06-16	56	201	720	\N	\N	\N
721	2023-02-19	7	154	721	\N	\N	\N
722	2023-02-19	7	154	722	\N	\N	\N
723	2023-02-19	7	154	723	\N	\N	\N
724	2023-02-19	7	154	724	\N	\N	\N
725	2023-02-19	7	154	725	\N	\N	\N
726	2023-02-19	7	154	726	\N	\N	\N
727	2023-02-19	7	154	727	\N	\N	\N
728	2023-02-19	7	154	728	\N	\N	\N
729	2023-02-19	7	154	729	\N	\N	\N
730	2023-02-19	7	154	730	\N	\N	\N
731	2023-02-19	7	154	731	\N	\N	\N
732	2023-02-19	7	154	732	\N	\N	\N
733	2023-02-19	7	154	733	\N	\N	\N
734	2023-02-19	7	154	734	\N	\N	\N
735	2023-02-19	7	154	735	\N	\N	\N
736	2023-02-19	7	154	736	\N	\N	\N
737	2023-02-19	7	154	737	\N	\N	\N
738	2023-02-19	7	154	738	\N	\N	\N
739	2023-02-19	7	154	739	\N	\N	\N
740	2023-02-19	7	154	740	\N	\N	\N
741	2023-02-19	7	154	741	\N	\N	\N
742	2023-02-19	7	154	742	\N	\N	\N
743	2023-02-19	7	154	743	\N	\N	\N
744	2024-04-14	14	188	744	\N	\N	\N
745	2024-04-14	14	188	745	\N	\N	\N
746	2024-04-14	14	109	746	\N	\N	\N
747	2024-04-14	14	109	747	\N	\N	\N
748	2024-04-14	14	109	748	\N	\N	\N
749	2024-04-14	14	\N	749	\N	\N	\N
750	2024-04-14	14	\N	750	\N	\N	\N
751	2024-04-14	14	\N	751	\N	\N	\N
752	2024-04-14	14	\N	752	\N	\N	\N
753	2024-04-14	14	\N	753	\N	\N	\N
754	2024-04-14	14	\N	754	\N	\N	\N
755	2024-04-14	14	\N	755	\N	\N	\N
756	2024-04-14	14	\N	756	\N	\N	\N
757	2024-04-14	14	137	757	\N	\N	\N
758	2024-04-14	14	15	758	\N	\N	\N
759	2024-04-14	14	109	759	\N	\N	\N
760	2024-04-14	14	109	760	\N	\N	\N
761	2024-04-14	14	109	761	\N	\N	\N
762	2024-04-14	14	109	762	\N	\N	\N
763	2024-04-14	14	109	763	\N	\N	\N
764	2024-04-14	14	109	764	\N	\N	\N
765	2024-04-14	14	109	765	\N	\N	\N
766	2024-04-14	14	109	766	\N	\N	\N
767	2024-04-15	64	189	767	\N	\N	\N
768	2024-04-15	69	75	768	\N	\N	\N
769	2024-04-15	69	75	769	\N	\N	\N
770	2024-04-15	69	\N	770	\N	\N	\N
771	2024-04-15	69	46	771	\N	\N	\N
772	2024-04-15	69	46	772	\N	\N	\N
773	2024-04-15	69	62	773	\N	\N	\N
774	2024-04-15	69	34	774	\N	\N	\N
775	2024-04-15	69	102	775	\N	\N	\N
776	2024-04-15	69	102	776	\N	\N	\N
777	2024-04-15	69	189	777	\N	\N	\N
778	2024-04-15	69	189	778	\N	\N	\N
779	2024-04-15	69	189	779	\N	\N	\N
780	2024-04-15	69	189	780	\N	\N	\N
781	2024-04-15	69	62	781	\N	\N	\N
782	2024-04-15	69	7	782	\N	\N	\N
783	2024-04-15	69	102	783	\N	\N	\N
784	2024-04-15	69	102	784	\N	\N	\N
785	2024-04-15	69	46	785	\N	\N	\N
786	2024-04-15	69	46	786	\N	\N	\N
787	2024-04-15	69	46	787	\N	\N	\N
788	2024-04-15	69	46	788	\N	\N	\N
789	2024-04-15	69	\N	789	\N	\N	\N
790	2024-04-15	69	190	790	\N	\N	\N
791	2024-04-15	69	75	791	\N	\N	\N
792	2024-04-15	69	\N	792	\N	\N	\N
793	2024-04-15	69	\N	793	\N	\N	\N
794	2024-04-15	69	\N	794	\N	\N	\N
795	2024-04-15	69	102	795	\N	\N	\N
796	2024-04-15	69	102	796	\N	\N	\N
797	2024-04-15	69	102	797	\N	\N	\N
798	2024-04-15	69	102	798	\N	\N	\N
799	2024-04-15	69	137	799	\N	\N	\N
800	2024-04-15	69	137	800	\N	\N	\N
801	2024-04-15	69	137	801	\N	\N	\N
802	2024-04-15	69	190	802	\N	\N	\N
803	2024-04-15	69	190	803	\N	\N	\N
804	2024-04-15	69	190	804	\N	\N	\N
805	2024-04-15	69	190	805	\N	\N	\N
806	2024-04-15	69	190	806	\N	\N	\N
807	2024-04-15	69	3	807	\N	\N	\N
808	2024-04-15	68	75	808	\N	\N	\N
809	2024-04-15	68	75	809	\N	\N	\N
810	2024-04-15	68	190	810	\N	\N	\N
811	2024-04-15	68	190	811	\N	\N	\N
812	2024-04-15	68	190	812	\N	\N	\N
813	2024-04-15	68	190	813	\N	\N	\N
814	2024-04-15	68	190	814	\N	\N	\N
815	2024-04-15	68	190	815	\N	\N	\N
816	2024-04-15	68	69	816	\N	\N	\N
817	2024-04-15	68	\N	817	\N	\N	\N
818	2024-04-15	68	\N	818	\N	\N	\N
819	2024-04-15	68	\N	819	\N	\N	\N
820	2024-04-15	68	\N	820	\N	\N	\N
821	2024-04-15	68	26	821	\N	\N	\N
822	2024-04-15	68	26	822	\N	\N	\N
823	2024-04-15	68	26	823	\N	\N	\N
824	2024-04-15	68	26	824	\N	\N	\N
825	2024-04-15	68	26	825	\N	\N	\N
826	2024-04-15	68	26	826	\N	\N	\N
827	2024-04-15	68	26	827	\N	\N	\N
828	2024-04-15	68	26	828	\N	\N	\N
829	2024-04-15	68	26	829	\N	\N	\N
830	2024-04-15	68	26	830	\N	\N	\N
831	2024-04-15	68	26	831	\N	\N	\N
832	2024-04-15	68	26	832	\N	\N	\N
833	2024-04-15	68	26	833	\N	\N	\N
834	2024-04-15	68	26	834	\N	\N	\N
835	2024-04-15	68	26	835	\N	\N	\N
836	2024-04-15	68	26	836	\N	\N	\N
837	2024-04-15	68	26	837	\N	\N	\N
838	2024-04-15	68	26	838	\N	\N	\N
839	2024-04-15	68	26	839	\N	\N	\N
840	2024-04-15	68	26	840	\N	\N	\N
841	2024-04-15	68	26	841	\N	\N	\N
842	2024-04-15	68	26	842	\N	\N	\N
843	2024-04-15	68	26	843	\N	\N	\N
844	2024-04-15	68	45	844	\N	\N	\N
845	2024-04-15	68	3	845	\N	\N	\N
846	2024-04-15	68	\N	846	\N	\N	\N
847	2024-04-15	68	75	847	\N	\N	\N
848	2024-04-15	68	75	848	\N	\N	\N
849	2024-04-15	68	75	849	\N	\N	\N
850	2024-04-15	68	75	850	\N	\N	\N
851	2024-04-15	68	\N	851	\N	\N	\N
852	2024-04-15	68	\N	852	\N	\N	\N
853	2024-12-28	33	151	853	\N	\N	\N
854	2024-12-28	33	151	854	\N	\N	\N
855	2024-12-28	33	151	855	\N	\N	\N
856	2024-04-16	3	22	856	\N	\N	\N
857	2024-04-16	3	22	857	\N	\N	\N
858	2024-04-16	3	22	858	\N	\N	\N
859	2024-04-16	3	22	859	\N	\N	\N
860	2024-04-16	3	22	860	\N	\N	\N
861	2024-04-16	3	22	861	\N	\N	\N
862	2024-04-16	3	71	862	\N	\N	\N
863	2024-04-16	3	71	863	\N	\N	\N
864	2024-04-16	3	71	864	\N	\N	\N
865	2024-04-16	3	71	865	\N	\N	\N
866	2024-04-16	3	71	866	\N	\N	\N
867	2024-04-16	3	69	867	\N	\N	\N
868	2024-04-16	3	69	868	\N	\N	\N
869	2024-04-16	3	69	869	\N	\N	\N
870	2024-04-16	3	69	870	\N	\N	\N
871	2024-04-16	3	80	871	\N	\N	\N
872	2024-04-16	3	80	872	\N	\N	\N
873	2024-04-16	3	80	873	\N	\N	\N
874	2024-04-16	3	80	874	\N	\N	\N
875	2024-04-16	3	80	875	\N	\N	\N
876	2024-04-16	3	80	876	\N	\N	\N
877	2024-04-16	3	80	877	\N	\N	\N
878	2024-04-16	3	38	878	\N	\N	\N
879	2024-04-16	3	193	879	\N	\N	\N
880	2024-04-16	3	193	880	\N	\N	\N
881	2024-04-16	3	193	881	\N	\N	\N
882	2024-04-16	3	193	882	\N	\N	\N
883	2024-04-16	3	193	883	\N	\N	\N
884	2024-04-16	3	193	884	\N	\N	\N
885	2024-04-16	3	193	885	\N	\N	\N
886	2024-04-16	3	193	886	\N	\N	\N
887	2024-04-16	3	193	887	\N	\N	\N
888	2024-04-16	3	193	888	\N	\N	\N
889	2024-04-16	3	95	889	\N	\N	\N
890	2024-04-16	3	95	890	\N	\N	\N
891	2024-04-16	3	95	891	\N	\N	\N
892	2024-04-16	3	95	892	\N	\N	\N
893	2024-04-16	3	95	893	\N	\N	\N
894	2024-04-16	3	95	894	\N	\N	\N
895	2024-04-16	3	95	895	\N	\N	\N
896	2024-04-16	3	95	896	\N	\N	\N
897	2024-04-16	3	71	897	\N	\N	\N
898	2024-04-16	3	71	898	\N	\N	\N
899	2024-04-16	3	71	899	\N	\N	\N
900	2024-04-16	3	71	900	\N	\N	\N
901	2024-04-16	3	71	901	\N	\N	\N
902	2024-04-16	3	71	902	\N	\N	\N
903	2024-04-16	3	71	903	\N	\N	\N
904	2024-04-16	3	71	904	\N	\N	\N
905	2024-04-16	3	71	905	\N	\N	\N
906	2024-04-16	3	71	906	\N	\N	\N
907	2024-04-16	3	71	907	\N	\N	\N
908	2024-04-16	3	71	908	\N	\N	\N
909	2024-04-16	3	71	909	\N	\N	\N
910	2024-04-16	58	39	910	\N	\N	\N
911	2024-04-16	58	1	911	\N	\N	\N
912	2024-04-16	58	8	912	\N	\N	\N
913	2024-04-16	58	8	913	\N	\N	\N
914	2024-04-16	58	8	914	\N	\N	\N
915	2024-04-16	58	8	915	\N	\N	\N
916	2024-04-16	58	8	916	\N	\N	\N
917	2024-04-16	58	8	917	\N	\N	\N
918	2024-04-16	58	8	918	\N	\N	\N
919	2024-04-16	58	33	919	\N	\N	\N
920	2024-04-16	58	33	920	\N	\N	\N
921	2024-04-16	69	194	921	\N	\N	\N
922	2024-04-16	69	\N	922	\N	\N	\N
923	2024-04-16	69	\N	923	\N	\N	\N
924	2024-04-16	69	194	924	\N	\N	\N
925	2024-04-16	69	194	925	\N	\N	\N
926	2024-04-16	69	194	926	\N	\N	\N
927	2024-04-16	69	194	927	\N	\N	\N
928	2024-04-16	69	194	928	\N	\N	\N
929	2024-04-16	69	3	929	\N	\N	\N
930	2024-04-16	69	3	930	\N	\N	\N
931	2024-04-16	69	3	931	\N	\N	\N
932	2024-04-16	69	3	932	\N	\N	\N
933	2024-04-16	69	3	933	\N	\N	\N
934	2024-04-16	69	3	934	\N	\N	\N
935	2024-04-17	68	13	935	\N	\N	\N
936	2024-04-17	68	6	936	\N	\N	\N
937	2024-04-17	68	96	937	\N	\N	\N
938	2024-04-17	68	96	938	\N	\N	\N
939	2024-04-17	69	\N	939	\N	\N	\N
940	2024-04-17	69	34	940	\N	\N	\N
941	2024-04-17	69	\N	941	\N	\N	\N
942	2024-04-17	69	175	942	\N	\N	\N
943	2024-04-17	69	175	943	\N	\N	\N
944	2024-04-17	69	175	944	\N	\N	\N
945	2024-04-17	69	175	945	\N	\N	\N
946	2024-04-17	69	3	946	\N	\N	\N
947	2024-04-17	69	\N	947	\N	\N	\N
948	2024-04-17	69	195	948	\N	\N	\N
949	2024-04-17	69	195	949	\N	\N	\N
950	2024-04-17	69	195	950	\N	\N	\N
951	2024-04-17	69	192	951	\N	\N	\N
952	2024-04-17	69	192	952	\N	\N	\N
953	2024-04-17	69	192	953	\N	\N	\N
954	2024-04-17	69	192	954	\N	\N	\N
955	2024-04-17	69	192	955	\N	\N	\N
956	2024-04-17	69	192	956	\N	\N	\N
957	2024-04-17	69	192	957	\N	\N	\N
958	2024-04-17	69	192	958	\N	\N	\N
959	2024-04-17	69	192	959	\N	\N	\N
960	2024-04-17	69	192	960	\N	\N	\N
961	2024-04-17	69	192	961	\N	\N	\N
962	2024-04-17	69	98	962	\N	\N	\N
963	2024-04-17	69	98	963	\N	\N	\N
964	2024-04-17	69	98	964	\N	\N	\N
965	2024-04-17	69	98	965	\N	\N	\N
966	2024-04-17	69	98	966	\N	\N	\N
967	2024-04-17	69	91	967	\N	\N	\N
968	2024-04-17	69	91	968	\N	\N	\N
969	2024-04-17	69	91	969	\N	\N	\N
970	2024-04-17	69	91	970	\N	\N	\N
971	2024-04-17	69	91	971	\N	\N	\N
972	2024-04-17	69	91	972	\N	\N	\N
973	2024-04-17	69	91	973	\N	\N	\N
974	2024-04-17	69	98	974	\N	\N	\N
975	2024-04-17	69	\N	975	\N	\N	\N
976	2024-04-17	69	192	976	\N	\N	\N
977	2024-04-17	69	192	977	\N	\N	\N
978	2024-04-17	69	192	978	\N	\N	\N
979	2024-04-17	88	191	979	\N	\N	\N
980	2024-04-17	88	191	980	\N	\N	\N
981	2024-04-17	88	191	981	\N	\N	\N
982	2024-04-17	88	191	982	\N	\N	\N
983	2024-04-17	88	191	983	\N	\N	\N
984	2024-04-17	88	191	984	\N	\N	\N
985	2024-04-17	88	191	985	\N	\N	\N
986	2024-04-17	88	191	986	\N	\N	\N
987	2024-04-17	88	191	987	\N	\N	\N
988	2024-04-17	88	191	988	\N	\N	\N
989	2024-04-17	88	191	989	\N	\N	\N
990	2024-04-17	88	191	990	\N	\N	\N
991	2024-04-17	88	191	991	\N	\N	\N
992	2024-04-17	88	191	992	\N	\N	\N
993	2024-04-17	88	191	993	\N	\N	\N
994	2024-04-17	88	191	994	\N	\N	\N
995	2024-04-17	88	191	995	\N	\N	\N
996	2024-04-17	88	191	996	\N	\N	\N
997	2024-04-17	88	191	997	\N	\N	\N
998	2024-04-17	88	191	998	\N	\N	\N
999	2024-04-17	88	191	999	\N	\N	\N
1000	2024-04-17	88	191	1000	\N	\N	\N
1001	2023-04-22	65	162	1001	\N	\N	\N
1002	2023-04-22	65	162	1002	\N	\N	\N
1003	2023-04-22	65	162	1003	\N	\N	\N
1004	2023-04-22	65	162	1004	\N	\N	\N
1005	2023-04-22	65	162	1005	\N	\N	\N
1006	2023-04-22	65	162	1006	\N	\N	\N
1007	2023-04-22	65	167	1007	\N	\N	\N
1008	2023-04-22	65	167	1008	\N	\N	\N
1009	2023-04-22	65	167	1009	\N	\N	\N
1010	2023-04-22	65	167	1010	\N	\N	\N
1011	2023-04-22	65	167	1011	\N	\N	\N
1012	2023-04-22	65	167	1012	\N	\N	\N
1013	2023-04-22	65	167	1013	\N	\N	\N
1014	2023-04-22	65	167	1014	\N	\N	\N
1015	2023-04-22	65	167	1015	\N	\N	\N
1016	2023-04-22	65	167	1016	\N	\N	\N
1017	2023-04-22	65	167	1017	\N	\N	\N
1018	2023-04-22	65	167	1018	\N	\N	\N
1019	2023-04-22	65	167	1019	\N	\N	\N
1020	2023-04-22	65	167	1020	\N	\N	\N
1021	2023-04-22	65	167	1021	\N	\N	\N
1022	2023-04-22	65	167	1022	\N	\N	\N
1023	2023-04-22	65	167	1023	\N	\N	\N
1024	2023-04-22	65	167	1024	\N	\N	\N
1025	2023-04-22	65	167	1025	\N	\N	\N
1026	2023-04-22	65	167	1026	\N	\N	\N
1027	2023-04-22	65	167	1027	\N	\N	\N
1028	2023-04-22	65	167	1028	\N	\N	\N
1029	2023-04-22	65	167	1029	\N	\N	\N
1030	2023-04-22	65	68	1030	\N	\N	\N
1031	2023-04-22	65	167	1031	\N	\N	\N
1032	2023-04-22	65	167	1032	\N	\N	\N
1033	2023-04-22	65	167	1033	\N	\N	\N
1034	2023-04-22	65	167	1034	\N	\N	\N
1035	2023-04-22	65	167	1035	\N	\N	\N
1036	2023-04-22	65	167	1036	\N	\N	\N
1037	2023-04-22	65	167	1037	\N	\N	\N
1038	2023-04-22	65	167	1038	\N	\N	\N
1039	2023-04-22	65	167	1039	\N	\N	\N
1040	2023-04-22	65	167	1040	\N	\N	\N
1041	2023-04-22	65	167	1041	\N	\N	\N
1042	2023-04-22	65	167	1042	\N	\N	\N
1043	2023-04-22	65	167	1043	\N	\N	\N
1044	2023-04-22	65	167	1044	\N	\N	\N
1045	2023-04-22	65	167	1045	\N	\N	\N
1046	2023-04-22	65	167	1046	\N	\N	\N
1047	2023-04-22	65	167	1047	\N	\N	\N
1048	2023-04-22	65	167	1048	\N	\N	\N
1049	2023-04-22	65	167	1049	\N	\N	\N
1050	2023-04-22	65	167	1050	\N	\N	\N
1051	2023-04-22	65	167	1051	\N	\N	\N
1052	2023-04-22	65	167	1052	\N	\N	\N
1053	2023-04-22	65	167	1053	\N	\N	\N
1054	2023-04-22	65	167	1054	\N	\N	\N
1055	2023-04-22	65	167	1055	\N	\N	\N
1056	2023-04-22	65	167	1056	\N	\N	\N
1057	2023-04-22	65	167	1057	\N	\N	\N
1058	2023-04-22	65	167	1058	\N	\N	\N
1059	2023-04-22	65	167	1059	\N	\N	\N
1060	2023-04-22	65	167	1060	\N	\N	\N
1061	2023-04-22	65	167	1061	\N	\N	\N
1062	2023-04-22	65	167	1062	\N	\N	\N
1063	2023-04-22	65	167	1063	\N	\N	\N
1064	2023-04-22	65	167	1064	\N	\N	\N
1065	2023-04-22	65	167	1065	\N	\N	\N
1066	2023-04-22	65	167	1066	\N	\N	\N
1067	2023-04-22	65	167	1067	\N	\N	\N
1068	2023-04-22	65	167	1068	\N	\N	\N
1069	2023-04-22	65	167	1069	\N	\N	\N
1070	2023-04-22	65	167	1070	\N	\N	\N
1071	2023-04-22	65	167	1071	\N	\N	\N
1072	2023-04-22	65	167	1072	\N	\N	\N
1073	2023-04-22	65	167	1073	\N	\N	\N
1074	2023-04-22	65	167	1074	\N	\N	\N
1075	2023-04-22	65	167	1075	\N	\N	\N
1076	2023-04-22	65	167	1076	\N	\N	\N
1077	2023-04-22	65	167	1077	\N	\N	\N
1078	2023-04-22	65	167	1078	\N	\N	\N
1079	2023-04-22	65	167	1079	\N	\N	\N
1080	2023-04-22	65	167	1080	\N	\N	\N
1081	2023-04-22	65	167	1081	\N	\N	\N
1082	2023-04-22	65	167	1082	\N	\N	\N
1083	2023-04-22	65	167	1083	\N	\N	\N
1084	2023-04-22	65	167	1084	\N	\N	\N
1085	2023-04-22	65	167	1085	\N	\N	\N
1086	2023-04-22	65	167	1086	\N	\N	\N
1087	2023-04-22	65	167	1087	\N	\N	\N
1088	2023-04-22	65	167	1088	\N	\N	\N
1089	2023-04-22	65	167	1089	\N	\N	\N
1090	2023-04-22	65	167	1090	\N	\N	\N
1091	2023-04-22	65	167	1091	\N	\N	\N
1092	2023-04-22	65	167	1092	\N	\N	\N
1093	2023-04-22	65	167	1093	\N	\N	\N
1094	2023-04-22	65	167	1094	\N	\N	\N
1095	2023-04-22	65	167	1095	\N	\N	\N
1096	2023-04-22	65	167	1096	\N	\N	\N
1097	2023-04-22	65	94	1097	\N	\N	\N
1098	2023-04-22	65	94	1098	\N	\N	\N
1099	2023-04-22	65	94	1099	\N	\N	\N
1100	2023-04-22	65	162	1100	\N	\N	\N
1101	2023-02-03	66	\N	1101	\N	\N	\N
1102	2023-02-03	66	\N	1102	\N	\N	\N
1103	2023-02-03	66	\N	1103	\N	\N	\N
1104	2023-02-03	66	11	1104	\N	\N	\N
1105	2023-02-03	66	11	1105	\N	\N	\N
1106	2023-02-03	66	11	1106	\N	\N	\N
1107	2023-02-03	66	11	1107	\N	\N	\N
1108	2024-04-24	70	168	1108	\N	\N	\N
1109	2024-04-24	70	168	1109	\N	\N	\N
1110	2024-04-24	70	168	1110	\N	\N	\N
1111	2024-04-24	70	168	1111	\N	\N	\N
1112	2024-04-24	70	168	1112	\N	\N	\N
1113	2024-04-24	70	168	1113	\N	\N	\N
1114	2024-04-24	70	168	1114	\N	\N	\N
1115	2024-04-24	70	168	1115	\N	\N	\N
1116	2024-04-24	106	36	1116	\N	\N	\N
1117	2024-04-24	106	36	1117	\N	\N	\N
1118	2024-04-24	106	36	1118	\N	\N	\N
1119	2022-08-16	72	15	1119	\N	\N	\N
1120	2022-08-16	72	15	1120	\N	\N	\N
1121	2022-08-16	72	15	1121	\N	\N	\N
1122	2022-08-16	72	15	1122	\N	\N	\N
1123	2022-08-16	72	15	1123	\N	\N	\N
1124	2022-08-16	72	15	1124	\N	\N	\N
1125	2022-08-16	72	15	1125	\N	\N	\N
1126	2022-08-16	72	15	1126	\N	\N	\N
1127	2022-08-16	72	15	1127	\N	\N	\N
1128	2022-08-16	72	15	1128	\N	\N	\N
1129	2022-08-16	72	15	1129	\N	\N	\N
1130	2024-07-15	75	6	1130	\N	\N	\N
1131	2024-07-15	75	6	1131	\N	\N	\N
1132	2024-07-15	75	10	1132	\N	\N	\N
1133	2024-07-15	75	10	1133	\N	\N	\N
1134	2024-07-15	75	10	1134	\N	\N	\N
1135	2024-07-15	75	6	1135	\N	\N	\N
1136	2024-07-15	75	6	1136	\N	\N	\N
1137	2024-07-15	75	6	1137	\N	\N	\N
1138	2024-07-15	75	\N	1138	\N	\N	\N
1139	2024-07-15	75	7	1139	\N	\N	\N
1140	2024-07-15	75	6	1140	\N	\N	\N
1141	2024-07-15	75	6	1141	\N	\N	\N
1142	2024-07-15	75	6	1142	\N	\N	\N
1143	2024-07-15	75	6	1143	\N	\N	\N
1144	2024-07-15	21	40	1144	\N	\N	\N
1145	2024-07-15	21	40	1145	\N	\N	\N
1146	2024-07-15	21	40	1146	\N	\N	\N
1147	2024-07-15	21	40	1147	\N	\N	\N
1148	2024-07-15	21	6	1148	\N	\N	\N
1149	2024-07-15	21	6	1149	\N	\N	\N
1150	2024-07-15	21	5	1150	\N	\N	\N
1151	2024-07-15	21	40	1151	\N	\N	\N
1152	2024-02-02	77	\N	1152	\N	\N	\N
1153	2024-02-02	77	156	1153	\N	\N	\N
1154	2024-02-02	77	156	1154	\N	\N	\N
1155	2024-02-02	77	186	1155	\N	\N	\N
1156	2024-02-02	77	\N	1156	\N	\N	\N
1157	2024-02-02	77	\N	1157	\N	\N	\N
1158	2024-02-02	77	\N	1158	\N	\N	\N
1159	2024-02-02	77	\N	1159	\N	\N	\N
1160	2024-02-02	77	\N	1160	\N	\N	\N
1161	2024-02-02	77	\N	1161	\N	\N	\N
1162	2024-02-02	77	\N	1162	\N	\N	\N
1163	2024-02-02	77	50	1163	\N	\N	\N
1164	2024-02-02	77	156	1164	\N	\N	\N
1165	2024-02-02	77	156	1165	\N	\N	\N
1166	2024-02-02	77	156	1166	\N	\N	\N
1167	2024-02-02	77	156	1167	\N	\N	\N
1168	2024-02-02	77	156	1168	\N	\N	\N
1169	2024-02-02	77	50	1169	\N	\N	\N
1170	2024-02-02	77	50	1170	\N	\N	\N
1171	2024-02-02	77	156	1171	\N	\N	\N
1172	2024-02-02	77	156	1172	\N	\N	\N
1173	2024-02-02	77	156	1173	\N	\N	\N
1174	2024-02-02	77	156	1174	\N	\N	\N
1175	2024-02-02	77	156	1175	\N	\N	\N
1176	2024-02-02	77	156	1176	\N	\N	\N
1177	2024-02-02	77	156	1177	\N	\N	\N
1178	2024-02-02	77	50	1178	\N	\N	\N
1179	2024-02-02	77	50	1179	\N	\N	\N
1180	2024-02-02	77	186	1180	\N	\N	\N
1181	2024-02-02	77	156	1181	\N	\N	\N
1182	2024-02-02	77	\N	1182	\N	\N	\N
1183	2024-02-20	77	71	1183	\N	\N	\N
1184	2024-02-20	77	71	1184	\N	\N	\N
1185	2024-02-20	77	71	1185	\N	\N	\N
1186	2024-02-20	77	71	1186	\N	\N	\N
1187	2024-02-20	77	71	1187	\N	\N	\N
1188	2024-02-20	77	71	1188	\N	\N	\N
1189	2023-05-06	78	90	1189	\N	\N	\N
1190	2023-05-06	78	90	1190	\N	\N	\N
1191	2023-05-06	78	\N	1191	\N	\N	\N
1192	2023-05-06	78	\N	1192	\N	\N	\N
1193	2023-05-06	78	\N	1193	\N	\N	\N
1194	2023-05-06	78	\N	1194	\N	\N	\N
1195	2023-05-06	78	88	1195	\N	\N	\N
1196	2023-05-06	78	88	1196	\N	\N	\N
1197	2023-05-06	78	88	1197	\N	\N	\N
1198	2023-05-06	78	88	1198	\N	\N	\N
1199	2023-05-06	78	88	1199	\N	\N	\N
1200	2023-05-06	78	88	1200	\N	\N	\N
1201	2023-05-06	78	88	1201	\N	\N	\N
1202	2023-05-06	78	168	1202	\N	\N	\N
1203	2023-05-06	78	168	1203	\N	\N	\N
1204	2023-05-06	78	168	1204	\N	\N	\N
1205	2023-05-06	78	168	1205	\N	\N	\N
1206	2023-05-06	78	168	1206	\N	\N	\N
1207	2023-05-06	78	168	1207	\N	\N	\N
1208	2023-05-06	78	\N	1208	\N	\N	\N
1209	2023-05-06	78	\N	1209	\N	\N	\N
1210	2023-05-06	78	142	1210	\N	\N	\N
1211	2023-05-06	78	142	1211	\N	\N	\N
1212	2023-05-06	78	142	1212	\N	\N	\N
1213	2023-05-06	78	142	1213	\N	\N	\N
1214	2023-05-06	78	142	1214	\N	\N	\N
1215	2023-05-06	78	\N	1215	\N	\N	\N
1216	2023-05-06	78	\N	1216	\N	\N	\N
1217	2023-05-06	78	\N	1217	\N	\N	\N
1218	2023-02-05	106	64	1218	\N	\N	\N
1219	2023-02-05	106	64	1219	\N	\N	\N
1220	2023-02-05	106	64	1220	\N	\N	\N
1221	2023-02-05	106	64	1221	\N	\N	\N
1222	2023-02-05	106	64	1222	\N	\N	\N
1223	2023-02-05	106	64	1223	\N	\N	\N
1224	2023-02-05	106	64	1224	\N	\N	\N
1225	2023-07-29	18	10	1225	\N	\N	\N
1226	2023-07-29	18	10	1226	\N	\N	\N
1227	2023-07-29	18	10	1227	\N	\N	\N
1228	2023-01-22	103	152	1228	\N	\N	\N
1229	2023-01-22	103	152	1229	\N	\N	\N
1230	2023-01-22	103	152	1230	\N	\N	\N
1231	2023-01-22	103	152	1231	\N	\N	\N
1232	2023-01-22	103	152	1232	\N	\N	\N
1233	2023-01-22	103	152	1233	\N	\N	\N
1234	2023-01-22	103	152	1234	\N	\N	\N
1235	2023-01-22	103	152	1235	\N	\N	\N
1236	2023-01-22	103	152	1236	\N	\N	\N
1237	2023-01-22	103	152	1237	\N	\N	\N
1238	2023-01-22	103	152	1238	\N	\N	\N
1239	2023-01-22	103	152	1239	\N	\N	\N
1240	2023-01-22	103	152	1240	\N	\N	\N
1241	2023-01-22	103	152	1241	\N	\N	\N
1242	2023-01-22	103	152	1242	\N	\N	\N
1243	2023-01-22	103	152	1243	\N	\N	\N
1244	2023-01-22	103	152	1244	\N	\N	\N
1245	2023-01-22	103	152	1245	\N	\N	\N
1246	2023-01-22	103	152	1246	\N	\N	\N
1247	2023-01-22	103	152	1247	\N	\N	\N
1248	2023-01-22	103	152	1248	\N	\N	\N
1249	2023-01-22	103	152	1249	\N	\N	\N
1250	2023-01-22	103	152	1250	\N	\N	\N
1251	2023-01-22	103	152	1251	\N	\N	\N
1252	2023-01-22	103	152	1252	\N	\N	\N
1253	2023-01-22	103	152	1253	\N	\N	\N
1254	2023-01-22	103	152	1254	\N	\N	\N
1255	2023-01-22	103	152	1255	\N	\N	\N
1256	2023-02-02	26	84	1256	\N	\N	\N
1257	2023-02-02	26	84	1257	\N	\N	\N
1258	2023-02-02	26	84	1258	\N	\N	\N
1259	2023-02-02	26	84	1259	\N	\N	\N
1260	2023-02-02	26	84	1260	\N	\N	\N
1261	2023-02-02	26	84	1261	\N	\N	\N
1262	2023-02-02	26	84	1262	\N	\N	\N
1263	2023-02-02	26	84	1263	\N	\N	\N
1264	2023-02-02	26	84	1264	\N	\N	\N
1265	2023-02-02	26	84	1265	\N	\N	\N
1266	2022-12-27	87	65	1266	\N	\N	\N
1267	2022-12-27	87	65	1267	\N	\N	\N
1268	2022-12-27	87	65	1268	\N	\N	\N
1269	2022-12-27	87	65	1269	\N	\N	\N
1270	2022-12-27	87	65	1270	\N	\N	\N
1271	2022-12-27	87	65	1271	\N	\N	\N
1272	2022-12-27	87	65	1272	\N	\N	\N
1273	2022-10-23	92	56	1273	\N	\N	\N
1274	2022-10-23	92	56	1274	\N	\N	\N
1275	2022-10-23	92	56	1275	\N	\N	\N
1276	2022-10-23	92	\N	1276	\N	\N	\N
1277	2022-10-23	92	\N	1277	\N	\N	\N
1278	2022-10-23	92	\N	1278	\N	\N	\N
1279	2022-10-23	92	\N	1279	\N	\N	\N
1280	2022-10-23	92	7	1280	\N	\N	\N
1281	2022-10-23	92	7	1281	\N	\N	\N
1282	2024-08-31	101	6	1282	\N	\N	\N
1283	2024-08-31	101	53	1283	\N	\N	\N
1284	2024-08-31	101	25	1284	\N	\N	\N
1285	2024-08-31	101	25	1285	\N	\N	\N
1286	2024-08-31	101	25	1286	\N	\N	\N
1287	2024-08-31	101	25	1287	\N	\N	\N
1288	2024-08-31	101	172	1288	\N	\N	\N
1289	2024-08-31	101	172	1289	\N	\N	\N
1290	2024-08-31	101	172	1290	\N	\N	\N
1291	2024-08-31	101	172	1291	\N	\N	\N
1292	2024-08-31	101	172	1292	\N	\N	\N
1293	2024-08-31	101	\N	1293	\N	\N	\N
1294	2024-08-31	101	151	1294	\N	\N	\N
1295	2024-08-31	101	151	1295	\N	\N	\N
1296	2024-08-31	101	151	1296	\N	\N	\N
1297	2024-08-31	101	151	1297	\N	\N	\N
1298	2024-08-31	101	151	1298	\N	\N	\N
1299	2024-08-31	101	151	1299	\N	\N	\N
1300	2024-08-31	101	151	1300	\N	\N	\N
1301	2024-08-31	101	151	1301	\N	\N	\N
1302	2024-08-31	101	151	1302	\N	\N	\N
1303	2024-08-31	101	26	1303	\N	\N	\N
1304	2024-08-31	101	26	1304	\N	\N	\N
1305	2024-08-31	101	6	1305	\N	\N	\N
1306	2024-08-31	101	6	1306	\N	\N	\N
1307	2024-08-31	101	6	1307	\N	\N	\N
1308	2024-10-07	101	7	1308	\N	\N	\N
1309	2024-10-07	101	102	1309	\N	\N	\N
1310	2024-10-07	101	26	1310	\N	\N	\N
1311	2024-10-07	101	26	1311	\N	\N	\N
1312	2024-10-07	101	38	1312	\N	\N	\N
1313	2024-10-07	101	102	1313	\N	\N	\N
1314	2024-10-07	101	42	1314	\N	\N	\N
1315	2024-10-07	101	115	1315	\N	\N	\N
1316	2024-06-19	102	203	1316	\N	\N	\N
1317	2024-06-19	102	203	1317	\N	\N	\N
1318	2024-06-19	102	203	1318	\N	\N	\N
1319	2024-06-19	102	203	1319	\N	\N	\N
1320	2024-06-19	102	203	1320	\N	\N	\N
1321	2024-06-19	102	203	1321	\N	\N	\N
1322	2024-06-19	102	203	1322	\N	\N	\N
1323	2024-06-19	102	203	1323	\N	\N	\N
1324	2024-06-19	102	203	1324	\N	\N	\N
1325	2024-06-19	102	203	1325	\N	\N	\N
1326	2024-06-19	102	57	1326	\N	\N	\N
1327	2024-06-19	102	57	1327	\N	\N	\N
1328	2024-06-19	102	57	1328	\N	\N	\N
1329	2023-04-15	104	14	1329	\N	\N	\N
1330	2023-04-15	104	14	1330	\N	\N	\N
1331	2023-04-15	104	14	1331	\N	\N	\N
1332	2023-04-15	104	\N	1332	\N	\N	\N
1333	2023-04-15	104	71	1333	\N	\N	\N
1334	2023-04-15	104	71	1334	\N	\N	\N
1335	2023-04-15	104	71	1335	\N	\N	\N
1336	2023-04-15	104	74	1336	\N	\N	\N
1337	2023-04-15	104	29	1337	\N	\N	\N
1338	2023-04-15	104	29	1338	\N	\N	\N
1339	2023-04-15	104	29	1339	\N	\N	\N
1340	2023-04-15	104	29	1340	\N	\N	\N
1341	2023-04-15	104	\N	1341	\N	\N	\N
1342	2023-04-15	104	\N	1342	\N	\N	\N
1343	2023-04-15	104	\N	1343	\N	\N	\N
1344	2023-04-15	104	\N	1344	\N	\N	\N
1345	2023-04-15	104	\N	1345	\N	\N	\N
1346	2023-04-15	104	\N	1346	\N	\N	\N
1347	2023-04-15	104	\N	1347	\N	\N	\N
1348	2023-04-15	104	67	1348	\N	\N	\N
1349	2023-04-15	104	67	1349	\N	\N	\N
1350	2023-04-15	104	67	1350	\N	\N	\N
1351	2023-04-15	104	67	1351	\N	\N	\N
1352	2023-04-15	104	165	1352	\N	\N	\N
1353	2023-04-15	104	165	1353	\N	\N	\N
1354	2023-04-15	104	165	1354	\N	\N	\N
1355	2023-04-15	104	74	1355	\N	\N	\N
1356	2023-04-15	104	74	1356	\N	\N	\N
1357	2023-03-22	104	12	1357	\N	\N	\N
1358	2023-03-22	104	12	1358	\N	\N	\N
1359	2023-03-22	104	12	1359	\N	\N	\N
1360	2023-03-22	104	12	1360	\N	\N	\N
1361	2022-08-26	106	52	1361	\N	\N	\N
1362	2022-08-26	106	52	1362	\N	\N	\N
1363	2022-08-26	106	52	1363	\N	\N	\N
1364	2022-08-26	106	52	1364	\N	\N	\N
1365	2022-08-26	106	52	1365	\N	\N	\N
1366	2022-08-26	106	52	1366	\N	\N	\N
1367	2022-08-26	106	58	1367	\N	\N	\N
1368	2022-08-26	106	58	1368	\N	\N	\N
1369	2022-08-26	106	58	1369	\N	\N	\N
1370	2022-08-26	106	\N	1370	\N	\N	\N
1371	2022-08-26	106	\N	1371	\N	\N	\N
1372	2022-08-26	106	\N	1372	\N	\N	\N
1373	2022-08-26	106	52	1373	\N	\N	\N
1374	2022-08-26	106	34	1374	\N	\N	\N
1375	2022-08-26	106	34	1375	\N	\N	\N
1376	2022-08-26	106	34	1376	\N	\N	\N
1377	2022-09-24	106	86	1377	\N	\N	\N
1378	2022-09-24	106	86	1378	\N	\N	\N
1379	2022-09-24	106	86	1379	\N	\N	\N
1380	2022-09-24	106	86	1380	\N	\N	\N
1381	2022-09-24	106	86	1381	\N	\N	\N
1382	2022-09-24	106	86	1382	\N	\N	\N
1383	2022-09-24	106	86	1383	\N	\N	\N
1384	2022-09-24	106	42	1384	\N	\N	\N
1385	2022-09-24	106	42	1385	\N	\N	\N
1386	2022-09-24	106	42	1386	\N	\N	\N
1387	2023-10-16	106	79	1387	\N	\N	\N
1388	2023-10-16	106	79	1388	\N	\N	\N
1389	2023-10-16	106	79	1389	\N	\N	\N
1390	2023-10-16	106	79	1390	\N	\N	\N
1391	2023-10-16	106	79	1391	\N	\N	\N
1392	2023-10-16	106	79	1392	\N	\N	\N
1393	2023-10-16	106	79	1393	\N	\N	\N
1394	2023-10-17	106	168	1394	\N	\N	\N
1395	2023-10-17	106	27	1395	\N	\N	\N
1396	2023-10-17	106	27	1396	\N	\N	\N
1397	2023-10-17	106	27	1397	\N	\N	\N
1398	2023-10-17	106	181	1398	\N	\N	\N
1399	2023-10-17	106	181	1399	\N	\N	\N
1400	2023-10-17	106	181	1400	\N	\N	\N
1401	2023-10-17	106	181	1401	\N	\N	\N
1402	2023-10-17	106	181	1402	\N	\N	\N
1403	2023-10-17	106	181	1403	\N	\N	\N
1404	2023-10-17	106	181	1404	\N	\N	\N
1405	2023-10-17	106	181	1405	\N	\N	\N
1406	2023-10-17	106	181	1406	\N	\N	\N
1407	2023-10-17	106	181	1407	\N	\N	\N
1408	2023-10-17	106	181	1408	\N	\N	\N
1409	2023-10-17	106	181	1409	\N	\N	\N
1410	2023-10-17	106	181	1410	\N	\N	\N
1411	2023-10-17	106	181	1411	\N	\N	\N
1412	2023-10-17	106	181	1412	\N	\N	\N
1413	2023-10-17	106	181	1413	\N	\N	\N
1414	2023-10-17	106	181	1414	\N	\N	\N
1415	2023-10-17	106	181	1415	\N	\N	\N
1416	2023-10-17	106	181	1416	\N	\N	\N
1417	2023-10-17	106	181	1417	\N	\N	\N
1418	2023-10-17	106	181	1418	\N	\N	\N
1419	2024-06-17	108	188	1419	\N	\N	\N
1420	2024-06-17	108	188	1420	\N	\N	\N
1421	2024-06-17	108	96	1421	\N	\N	\N
1422	2024-06-17	108	188	1422	\N	\N	\N
1423	2024-06-17	108	\N	1423	\N	\N	\N
1424	2024-06-17	108	56	1424	\N	\N	\N
1425	2024-06-17	108	188	1425	\N	\N	\N
1426	2024-06-17	108	188	1426	\N	\N	\N
1427	2024-06-17	108	188	1427	\N	\N	\N
1428	2024-06-17	108	188	1428	\N	\N	\N
1429	2024-06-17	108	188	1429	\N	\N	\N
1430	2024-06-17	108	188	1430	\N	\N	\N
1431	2024-06-17	108	46	1431	\N	\N	\N
1432	2024-06-17	108	188	1432	\N	\N	\N
1433	2024-06-17	108	5	1433	\N	\N	\N
1434	2024-06-17	108	5	1434	\N	\N	\N
1435	2024-06-17	108	\N	1435	\N	\N	\N
1436	2024-06-17	108	\N	1436	\N	\N	\N
1437	2024-06-17	108	\N	1437	\N	\N	\N
1438	2024-06-17	108	188	1438	\N	\N	\N
1439	2024-06-17	108	188	1439	\N	\N	\N
1440	2024-06-17	108	46	1440	\N	\N	\N
1441	2024-06-17	108	\N	1441	\N	\N	\N
1442	2024-06-17	108	188	1442	\N	\N	\N
1443	2024-06-17	108	\N	1443	\N	\N	\N
1444	2024-06-17	108	\N	1444	\N	\N	\N
1445	2024-06-17	108	\N	1445	\N	\N	\N
1446	2024-06-17	108	\N	1446	\N	\N	\N
1447	2024-06-17	108	188	1447	\N	\N	\N
1448	2024-06-17	108	\N	1448	\N	\N	\N
1449	2024-06-17	108	9	1449	\N	\N	\N
1450	2024-06-17	108	9	1450	\N	\N	\N
1451	2024-06-17	108	9	1451	\N	\N	\N
1452	2024-06-17	108	42	1452	\N	\N	\N
1453	2024-06-17	108	30	1453	\N	\N	\N
1454	2024-06-17	108	98	1454	\N	\N	\N
1455	2024-06-17	108	98	1455	\N	\N	\N
1456	2024-06-17	108	98	1456	\N	\N	\N
1457	2024-06-16	110	188	1457	\N	\N	\N
1458	2024-06-16	110	95	1458	\N	\N	\N
1459	2024-06-16	110	95	1459	\N	\N	\N
1460	2024-06-16	110	95	1460	\N	\N	\N
1461	2024-06-16	110	\N	1461	\N	\N	\N
1462	2024-06-16	110	\N	1462	\N	\N	\N
1463	2024-06-16	110	\N	1463	\N	\N	\N
1464	2024-06-16	110	95	1464	\N	\N	\N
1465	2024-06-16	110	95	1465	\N	\N	\N
1466	2024-06-16	110	95	1466	\N	\N	\N
1467	2024-06-16	110	95	1467	\N	\N	\N
1468	2024-06-16	110	95	1468	\N	\N	\N
1469	2024-06-16	110	95	1469	\N	\N	\N
1470	2024-06-16	110	95	1470	\N	\N	\N
1471	2024-06-16	110	95	1471	\N	\N	\N
1472	2024-06-16	110	95	1472	\N	\N	\N
1473	2024-06-16	110	95	1473	\N	\N	\N
1474	2024-06-16	110	95	1474	\N	\N	\N
1475	2024-06-16	110	5	1475	\N	\N	\N
1476	2024-06-16	110	5	1476	\N	\N	\N
1477	2024-06-16	110	5	1477	\N	\N	\N
1478	2024-06-16	110	5	1478	\N	\N	\N
1479	2024-06-16	110	95	1479	\N	\N	\N
1480	2024-06-16	110	95	1480	\N	\N	\N
1481	2024-06-16	110	199	1481	\N	\N	\N
1482	2024-06-16	110	199	1482	\N	\N	\N
1483	2024-06-16	110	199	1483	\N	\N	\N
1484	2024-06-16	110	199	1484	\N	\N	\N
1485	2024-06-16	110	199	1485	\N	\N	\N
1486	2024-06-16	110	\N	1486	\N	\N	\N
1487	2024-06-16	110	\N	1487	\N	\N	\N
1488	2024-06-16	110	\N	1488	\N	\N	\N
1489	2024-06-16	110	\N	1489	\N	\N	\N
1490	2024-06-16	110	\N	1490	\N	\N	\N
1491	2024-06-16	110	\N	1491	\N	\N	\N
1492	2024-06-16	110	188	1492	\N	\N	\N
1493	2024-06-16	110	188	1493	\N	\N	\N
1494	2024-06-16	110	\N	1494	\N	\N	\N
1495	2024-06-16	110	200	1495	\N	\N	\N
1496	2024-06-16	110	200	1496	\N	\N	\N
1497	2024-06-16	110	200	1497	\N	\N	\N
1498	2024-06-16	110	200	1498	\N	\N	\N
1499	2024-06-16	110	200	1499	\N	\N	\N
1500	2024-06-16	110	200	1500	\N	\N	\N
1501	2024-06-16	110	200	1501	\N	\N	\N
1502	2024-06-16	110	200	1502	\N	\N	\N
1503	2024-06-16	110	200	1503	\N	\N	\N
1504	2024-06-16	110	200	1504	\N	\N	\N
1505	2024-06-16	110	200	1505	\N	\N	\N
1506	2024-06-16	110	200	1506	\N	\N	\N
1507	2024-06-16	110	188	1507	\N	\N	\N
1508	2024-06-16	110	188	1508	\N	\N	\N
1509	2024-06-16	110	188	1509	\N	\N	\N
1510	2024-06-16	110	\N	1510	\N	\N	\N
1511	2024-06-16	110	\N	1511	\N	\N	\N
1512	2024-06-16	110	\N	1512	\N	\N	\N
1513	2024-06-16	110	\N	1513	\N	\N	\N
1514	2024-06-16	110	4	1514	\N	\N	\N
1515	2024-06-16	110	5	1515	\N	\N	\N
1516	2024-06-16	110	5	1516	\N	\N	\N
1517	2024-06-16	110	5	1517	\N	\N	\N
1518	2024-06-16	110	5	1518	\N	\N	\N
1519	2024-06-16	110	5	1519	\N	\N	\N
1520	2024-06-16	110	5	1520	\N	\N	\N
1521	2024-06-16	110	5	1521	\N	\N	\N
1522	2024-06-16	110	5	1522	\N	\N	\N
1523	2024-06-16	110	5	1523	\N	\N	\N
1524	2024-06-16	110	5	1524	\N	\N	\N
1525	2024-06-16	110	5	1525	\N	\N	\N
1526	2024-06-16	110	191	1526	\N	\N	\N
1527	2024-06-16	110	191	1527	\N	\N	\N
1528	2024-06-16	110	95	1528	\N	\N	\N
1529	2024-06-16	110	95	1529	\N	\N	\N
1530	2024-06-16	110	95	1530	\N	\N	\N
1531	2024-06-16	110	191	1531	\N	\N	\N
1532	2022-10-08	25	73	1532	\N	\N	\N
1533	2022-05-20	48	100	1533	\N	\N	\N
1534	2022-05-01	69	92	1534	\N	\N	\N
1535	2022-07-26	105	11	1535	\N	\N	\N
1536	2023-01-07	74	11	1536	\N	\N	\N
1537	2021-03-13	74	11	1537	\N	\N	\N
1538	2022-05-27	39	42	1538	\N	\N	\N
1539	2023-02-19	7	154	1539	\N	\N	\N
1540	2022-05-27	38	38	\N	\N	\N	\N
1541	2022-05-27	38	38	1541	\N	\N	\N
1542	2022-05-27	39	4	\N	\N	\N	\N
1543	2022-05-27	39	4	1543	\N	\N	\N
1544	2022-05-27	39	4	\N	\N	\N	\N
1545	2022-05-27	39	4	\N	\N	\N	\N
1546	2022-05-27	38	102	\N	\N	\N	\N
1547	2022-05-27	38	102	\N	\N	\N	\N
1548	2022-05-27	38	102	\N	\N	\N	\N
1549	2022-05-27	38	102	1549	\N	\N	\N
1550	2022-05-27	38	102	1550	\N	\N	\N
1551	2022-06-04	\N	103	\N	\N	\N	\N
1552	\N	\N	103	\N	\N	\N	\N
1553	2022-06-05	\N	103	1553	\N	\N	\N
1554	2022-05-27	38	42	1554	\N	\N	\N
1555	2022-06-04	47	111	1555	\N	\N	\N
1556	2022-05-06	67	98	\N	\N	\N	\N
1557	2022-05-06	67	98	1557	\N	\N	\N
1558	2021-04-02	34	68	1558	\N	\N	\N
1559	2022-05-01	69	81	1559	\N	\N	\N
1560	2021-04-17	\N	22	1560	\N	\N	\N
1561	2023-02-06	104	156	1561	\N	\N	\N
1562	\N	25	145	\N	\N	\N	\N
1563	\N	25	145	1563	\N	\N	\N
1564	2022-05-27	39	3	1564	\N	\N	\N
1565	2021-09-18	34	1	1565	\N	\N	\N
1566	2021-04-08	78	\N	\N	\N	\N	\N
1567	2022-11-07	104	148	1567	\N	\N	\N
1568	2022-05-27	39	3	1568	\N	\N	\N
1569	2021-09-18	\N	3	\N	\N	\N	\N
1570	2023-01-07	34	3	1570	\N	\N	\N
1571	2022-05-29	2	79	1571	\N	\N	\N
1572	2022-09-17	34	26	\N	\N	\N	\N
1573	2022-09-17	34	26	1573	\N	\N	\N
1574	2022-05-27	39	30	1574	\N	\N	\N
1575	2022-08-06	34	30	1575	\N	\N	\N
1576	2022-07-02	105	30	1576	\N	\N	\N
1577	2021-03-13	74	30	1577	\N	\N	\N
1578	2022-05-27	39	30	1578	\N	\N	\N
1579	2022-04-30	68	89	\N	\N	\N	\N
1580	2022-04-30	68	89	\N	\N	\N	\N
1581	2022-05-27	39	101	\N	\N	\N	\N
1582	2022-05-27	39	101	\N	\N	\N	\N
1583	2022-05-27	39	101	1583	\N	\N	\N
1584	2022-05-27	39	101	\N	\N	\N	\N
1585	2021-06-11	\N	15	1585	\N	\N	\N
1586	2022-10-08	25	15	1586	\N	\N	\N
1587	2022-05-27	39	\N	1587	\N	\N	\N
1588	2022-07-10	90	124	\N	\N	\N	\N
1589	2022-07-10	90	124	1589	\N	\N	\N
1590	2022-09-29	33	24	\N	\N	\N	\N
1591	2022-09-29	33	24	1591	\N	\N	\N
1592	2022-06-03	9	108	1592	\N	\N	\N
1593	2020-05-31	\N	5	1593	\N	\N	\N
1594	2022-07-30	101	99	1594	\N	\N	\N
1595	2022-05-06	67	99	1595	\N	\N	\N
1596	2022-07-30	101	99	1596	\N	\N	\N
1597	2022-06-04	34	128	1597	\N	\N	\N
1598	2022-10-23	92	7	1598	\N	\N	\N
1599	2022-05-29	2	105	\N	\N	\N	\N
1600	2022-05-29	2	105	\N	\N	\N	\N
1601	2021-04-20	106	34	1601	\N	\N	\N
1602	2022-07-26	111	34	1602	\N	\N	\N
1603	2020-05-31	34	37	1603	\N	\N	\N
1604	2022-07-02	105	67	1604	\N	\N	\N
1605	2022-05-29	17	12	1605	\N	\N	\N
1606	2023-02-05	106	64	\N	\N	\N	\N
1607	2023-02-05	106	64	1607	\N	\N	\N
1608	2022-08-13	33	88	1608	\N	\N	\N
1609	2022-08-13	33	88	1609	\N	\N	\N
1610	2022-07-26	111	77	1610	\N	\N	\N
1611	2022-07-26	111	77	\N	\N	\N	\N
1612	2022-07-26	111	77	1612	\N	\N	\N
1613	2022-07-26	111	77	1613	\N	\N	\N
1614	2022-07-26	90	\N	\N	\N	\N	\N
1615	2022-07-26	90	\N	1615	\N	\N	\N
1616	2021-12-31	74	87	1616	\N	\N	\N
1617	2022-05-27	38	56	1617	\N	\N	\N
1618	2022-05-27	38	56	1618	\N	\N	\N
1619	2022-07-26	105	56	1619	\N	\N	\N
1620	\N	92	56	1620	\N	\N	\N
1621	\N	\N	43	1621	\N	\N	\N
1622	\N	34	43	1622	\N	\N	\N
1623	2021-09-18	34	52	1623	\N	\N	\N
1624	2021-04-07	\N	52	\N	\N	\N	\N
1625	2022-11-07	\N	52	\N	\N	\N	\N
1626	2022-11-07	\N	52	\N	\N	\N	\N
1627	2022-11-07	\N	52	1627	\N	\N	\N
1628	2022-08-07	34	65	\N	\N	\N	\N
1629	2021-04-07	33	52	1629	\N	\N	\N
1630	2022-08-07	34	52	1630	\N	\N	\N
1631	2021-09-18	34	52	\N	\N	\N	\N
1632	2021-09-18	34	52	\N	\N	\N	\N
1633	2021-09-18	34	52	1633	\N	\N	\N
1634	2022-09-24	106	86	\N	\N	\N	\N
1635	2022-09-24	106	86	\N	\N	\N	\N
1636	2022-09-24	106	86	1636	\N	\N	\N
1637	2022-07-02	105	\N	1637	\N	\N	\N
1638	2022-05-27	39	\N	1638	\N	\N	\N
1639	2021-03-11	33	45	1639	\N	\N	\N
1640	2022-05-06	67	96	1640	\N	\N	\N
1641	2022-07-26	105	56	1641	\N	\N	\N
1642	2021-03-20	63	66	\N	\N	\N	\N
1643	2021-03-20	63	66	\N	\N	\N	\N
1644	2021-03-20	63	66	\N	\N	\N	\N
1645	2021-03-20	63	66	\N	\N	\N	\N
1646	2021-03-20	63	66	1646	\N	\N	\N
1647	2021-03-20	63	66	1647	\N	\N	\N
1648	\N	\N	46	1648	\N	\N	\N
1649	2022-07-12	89	125	\N	\N	\N	\N
1650	2022-07-12	89	125	\N	\N	\N	\N
1651	2022-07-12	89	125	1651	\N	\N	\N
1652	2022-08-07	48	39	1652	\N	\N	\N
1653	2022-07-26	90	123	\N	\N	\N	\N
1654	2022-07-26	90	123	1654	\N	\N	\N
1655	2022-09-17	34	130	1655	\N	\N	\N
1656	2022-11-22	33	21	1656	\N	\N	\N
1657	2022-07-10	90	88	\N	\N	\N	\N
1658	2022-07-10	90	88	1658	\N	\N	\N
1659	2020-09-11	106	80	1659	\N	\N	\N
1660	2022-06-04	9	110	1660	\N	\N	\N
1661	2022-08-14	33	51	\N	\N	\N	\N
1662	2023-01-15	33	51	1662	\N	\N	\N
1663	2022-06-04	\N	57	1663	\N	\N	\N
1664	2023-01-15	33	61	\N	\N	\N	\N
1665	2023-01-15	33	61	1665	\N	\N	\N
1666	2023-01-07	25	54	1666	\N	\N	\N
1667	2023-01-15	25	\N	1667	\N	\N	\N
1668	2023-01-07	33	\N	1668	\N	\N	\N
1669	2021-03-18	\N	\N	\N	\N	\N	\N
1670	2022-09-29	33	65	1670	\N	\N	\N
1671	2022-10-16	17	65	\N	\N	\N	\N
1672	2022-10-16	17	65	1672	\N	\N	\N
1673	2023-01-15	25	58	1673	\N	\N	\N
1674	2023-01-07	25	71	1674	\N	\N	\N
1675	2022-05-04	68	97	1675	\N	\N	\N
1676	2022-05-01	69	91	1676	\N	\N	\N
1677	2022-05-01	69	91	1677	\N	\N	\N
1678	2022-05-06	\N	40	1678	\N	\N	\N
1679	2022-05-01	68	25	\N	\N	\N	\N
1680	2022-05-01	68	25	1680	\N	\N	\N
1681	2022-11-07	\N	\N	1681	\N	\N	\N
1682	2022-11-09	\N	70	\N	\N	\N	\N
1683	2022-11-09	\N	70	1683	\N	\N	\N
1684	2022-07-26	105	90	1684	\N	\N	\N
1685	2022-07-26	105	90	1685	\N	\N	\N
1686	2022-07-26	105	90	1686	\N	\N	\N
1687	2022-07-26	105	90	1687	\N	\N	\N
1688	2023-01-22	103	152	1688	\N	\N	\N
1689	2023-01-22	103	152	1689	\N	\N	\N
1690	2022-06-23	\N	110	1690	\N	\N	\N
1691	2022-05-27	\N	13	\N	\N	\N	\N
1692	2022-05-27	\N	13	\N	\N	\N	\N
1693	2022-05-27	\N	13	\N	\N	\N	\N
1694	2022-05-27	\N	13	\N	\N	\N	\N
1695	2022-05-27	\N	13	1695	\N	\N	\N
1696	2022-05-23	78	13	1696	\N	\N	\N
1697	2022-07-30	101	50	\N	\N	\N	\N
1698	2022-07-30	101	50	1698	\N	\N	\N
1699	2021-04-22	\N	32	1699	\N	\N	\N
1700	2022-05-27	20	19	1700	\N	\N	\N
1701	\N	111	121	1701	\N	\N	\N
1702	2022-07-26	28	20	1702	\N	\N	\N
1703	2021-03-18	33	20	1703	\N	\N	\N
1704	2023-07-08	4	19	\N	\N	\N	\N
1705	2023-05-06	78	168	1705	\N	\N	\N
1706	2023-07-10	4	178	1706	\N	\N	\N
1707	2022-12-30	11	150	1707	\N	\N	\N
1708	2021-04-06	95	142	1708	\N	\N	\N
1709	2023-05-06	78	142	1709	\N	\N	\N
1710	\N	\N	83	1710	\N	\N	\N
1711	2022-06-04	47	113	1711	\N	\N	\N
1712	2022-07-27	\N	135	1712	\N	\N	\N
1713	2022-06-04	47	112	1713	\N	\N	\N
1714	2022-06-04	47	109	\N	\N	\N	\N
1715	2022-06-04	47	109	1715	\N	\N	\N
1716	2022-05-06	88	93	\N	\N	\N	\N
1717	2022-05-06	88	93	1717	\N	\N	\N
1718	2022-08-07	34	129	1718	\N	\N	\N
1719	2020-05-31	34	1	\N	\N	\N	\N
1720	2020-05-31	34	2	\N	\N	\N	\N
1721	2020-05-31	34	3	\N	\N	\N	\N
1722	\N	34	4	\N	\N	\N	tillsammans med Hannes
1723	2020-05-31	34	5	\N	\N	\N	\N
1724	2020-05-31	34	6	\N	\N	\N	\N
1725	2020-05-31	34	7	\N	\N	\N	\N
1726	2020-05-31	34	1	\N	\N	\N	\N
1727	2020-05-16	5	12	\N	\N	\N	\N
1728	2020-05-16	5	13	\N	\N	\N	\N
1729	2020-05-16	5	14	\N	\N	\N	\N
1730	2020-05-16	5	32	\N	\N	\N	\N
1731	2020-05-21	42	22	\N	\N	\N	\N
1732	2020-05-21	42	27	\N	\N	\N	\N
1733	\N	33	28	\N	\N	\N	\N
1734	2020-05-31	34	29	\N	\N	\N	\N
1735	2020-05-31	34	30	\N	\N	\N	\N
1736	\N	43	31	\N	\N	\N	\N
1737	2020-06-01	33	34	\N	\N	\N	\N
1738	2020-06-01	60	35	\N	\N	\N	\N
1739	2020-06-01	30	36	\N	\N	\N	\N
1740	2020-05-31	34	37	\N	\N	\N	\N
1741	2020-06-03	59	38	\N	\N	\N	på promenad med Dagge
1742	2020-06-07	48	39	\N	\N	\N	\N
1743	2020-06-13	46	40	\N	\N	\N	\N
1744	2020-06-15	106	41	\N	\N	\N	\N
1745	2020-06-16	106	42	\N	\N	\N	\N
1746	2020-06-18	52	44	\N	\N	\N	\N
1747	2020-07-06	85	46	\N	\N	\N	\N
1748	2020-07-16	106	47	\N	\N	\N	\N
1749	2020-07-17	22	48	\N	\N	\N	\N
1750	2020-08-06	36	49	\N	\N	\N	\N
1751	2020-08-06	36	50	\N	\N	\N	\N
1752	2020-08-10	106	52	\N	\N	\N	\N
1753	2020-08-10	106	53	\N	\N	\N	\N
1754	2023-01-07	25	54	\N	\N	\N	\N
1755	2020-08-15	76	55	\N	\N	\N	\N
1756	2020-08-29	80	56	\N	\N	\N	\N
1757	2020-08-29	80	57	\N	\N	\N	\N
1758	2020-09-03	106	58	\N	\N	\N	\N
1759	2020-09-23	33	59	\N	\N	\N	\N
1760	2020-10-09	45	60	\N	\N	\N	\N
1761	2020-12-04	33	61	\N	\N	\N	\N
1762	2021-01-09	91	62	\N	\N	\N	\N
1763	2021-01-09	91	63	\N	\N	\N	\N
1764	2021-01-29	33	64	\N	\N	\N	\N
1765	2021-03-19	33	65	\N	\N	\N	\N
1766	2021-03-20	63	66	\N	\N	\N	\N
1767	2021-04-03	34	67	\N	\N	\N	\N
1768	2021-04-03	34	68	\N	\N	\N	\N
1769	2021-04-03	34	69	\N	\N	\N	\N
1770	2021-04-08	12	70	\N	\N	\N	\N
1771	2021-04-08	78	71	\N	\N	\N	\N
1772	2021-04-15	12	72	\N	\N	\N	\N
1773	2022-10-08	25	73	\N	\N	\N	\N
1774	2021-04-17	104	74	\N	\N	\N	\N
1775	2021-05-29	34	75	\N	\N	\N	\N
1776	2021-06-16	12	76	\N	\N	\N	\N
1777	2021-07-02	8	77	\N	\N	\N	\N
1778	2021-07-07	99	78	\N	\N	\N	\N
1779	2021-07-06	12	79	\N	\N	\N	\N
1780	2022-07-01	105	80	\N	\N	\N	\N
1781	2021-07-12	99	81	\N	\N	\N	\N
1782	2021-06-27	106	\N	\N	\N	1	\N
1783	2021-09-18	34	83	\N	\N	\N	\N
1784	2021-10-23	32	84	\N	\N	\N	\N
1785	2021-11-20	62	85	\N	\N	\N	\N
1786	2021-12-27	33	86	\N	\N	\N	\N
1787	2021-12-31	74	87	\N	\N	\N	\N
1788	2022-04-14	12	88	\N	\N	\N	\N
1789	2022-04-30	68	89	\N	\N	\N	\N
1790	2022-05-01	68	90	\N	\N	\N	\N
1791	2022-05-01	68	91	\N	\N	\N	\N
1792	2022-05-01	68	92	\N	\N	\N	\N
1793	2022-05-03	88	93	\N	\N	\N	\N
1794	2022-05-03	88	94	\N	\N	\N	\N
1795	2022-05-02	68	96	\N	\N	\N	\N
1796	2022-05-02	58	95	\N	\N	\N	\N
1797	2022-05-02	68	97	\N	\N	\N	\N
1798	2022-05-06	67	98	\N	\N	\N	\N
1799	2022-05-06	67	99	\N	\N	\N	\N
1800	2022-05-19	48	100	\N	\N	\N	\N
1801	2022-05-27	39	101	\N	\N	\N	\N
1802	2022-05-27	39	102	\N	\N	\N	\N
1803	2022-05-27	39	103	\N	\N	\N	\N
1804	2022-05-27	39	174	\N	\N	1	\N
1805	2022-05-29	2	104	\N	\N	\N	\N
1806	2022-05-29	2	105	\N	\N	\N	\N
1807	2022-05-29	2	106	\N	\N	\N	\N
1808	2022-06-03	9	107	\N	\N	\N	\N
1809	2022-06-03	9	108	\N	\N	\N	\N
1810	2022-06-03	9	109	\N	\N	\N	\N
1811	2022-06-03	9	110	\N	\N	\N	\N
1812	2022-06-04	47	111	\N	\N	\N	\N
1813	2022-06-04	47	112	\N	\N	\N	\N
1814	2022-06-04	47	113	\N	\N	\N	\N
1815	2022-06-04	47	114	\N	\N	1	\N
1816	2022-06-13	12	115	\N	\N	\N	\N
1817	2022-06-29	105	116	\N	\N	\N	\N
1818	2024-06-21	96	117	\N	\N	1	\N
1819	2022-07-03	53	118	\N	\N	\N	\N
1820	2024-06-16	110	119	\N	\N	\N	\N
1821	2024-06-14	\N	120	\N	\N	1	\N
1822	2022-07-07	111	121	\N	\N	\N	på vandring i karpaterdal
1823	2023-10-13	41	122	\N	\N	1	\N
1824	2022-07-10	90	123	\N	\N	\N	\N
1825	2022-07-10	90	124	\N	\N	\N	\N
1826	2022-07-11	89	\N	\N	\N	\N	\N
1827	2022-07-21	107	126	\N	\N	\N	\N
1828	2022-07-22	25	127	\N	\N	\N	\N
1829	2022-07-22	25	128	\N	\N	\N	\N
1830	2022-07-22	25	129	\N	\N	\N	\N
1831	2022-07-22	25	130	\N	\N	\N	\N
1832	2022-07-27	34	131	\N	\N	\N	\N
1833	2022-07-27	34	132	\N	\N	\N	\N
1834	2022-07-27	34	133	\N	\N	\N	\N
1835	2022-07-27	34	134	\N	\N	\N	\N
1836	2022-07-27	34	135	\N	\N	\N	\N
1837	2022-08-06	34	136	\N	\N	\N	\N
1838	2022-08-06	34	137	\N	\N	\N	\N
1839	2022-08-06	34	138	\N	\N	\N	\N
1840	2022-08-26	42	140	\N	\N	\N	\N
1841	2022-08-26	42	139	\N	\N	\N	\N
1842	2022-09-05	2	141	\N	\N	\N	\N
1843	2023-03-04	24	142	\N	\N	\N	\N
1844	2022-09-10	86	143	\N	\N	\N	\N
1845	\N	34	\N	\N	\N	\N	\N
1846	\N	34	\N	\N	\N	\N	\N
1847	2022-10-08	25	145	\N	\N	\N	\N
1848	2022-10-16	17	147	\N	\N	\N	\N
1849	2022-11-07	104	148	\N	\N	\N	\N
1850	2022-12-27	87	149	\N	\N	\N	\N
1851	2022-12-30	11	150	\N	\N	\N	\N
1852	2023-01-07	25	151	\N	\N	\N	\N
1853	2023-01-22	61	152	\N	\N	\N	\N
1854	2021-05-29	34	153	\N	\N	\N	\N
1855	2023-01-21	7	154	\N	\N	\N	\N
1856	2023-02-02	94	155	\N	\N	\N	\N
1857	2023-02-06	104	156	\N	\N	\N	\N
1858	2023-02-26	83	157	\N	\N	\N	\N
1859	2023-03-05	93	158	\N	\N	\N	\N
1860	2023-03-05	93	159	\N	\N	\N	\N
1861	2023-03-05	93	160	\N	\N	\N	\N
1862	2023-03-25	17	161	\N	\N	\N	\N
1863	2023-04-10	25	162	\N	\N	\N	\N
1864	2023-04-10	25	163	\N	\N	\N	\N
1865	2023-04-10	25	164	\N	\N	\N	\N
1866	2023-04-15	104	165	\N	\N	\N	\N
1867	2023-04-22	65	166	\N	\N	\N	\N
1868	2023-04-22	65	167	\N	\N	\N	\N
1869	2023-05-06	78	168	\N	\N	\N	\N
1870	2023-05-18	40	169	\N	\N	\N	\N
1871	2023-05-18	84	170	\N	\N	\N	\N
1872	2023-05-20	44	171	\N	\N	\N	\N
1873	2024-08-31	101	172	\N	\N	\N	\N
1874	2023-06-10	106	173	\N	\N	1	\N
1875	2023-07-20	82	174	\N	\N	\N	\N
1876	2023-07-07	98	175	\N	\N	\N	\N
1877	2023-07-07	98	176	\N	\N	\N	\N
1878	2023-07-10	19	177	\N	\N	\N	\N
1879	2023-07-10	19	178	\N	\N	\N	\N
1880	2023-07-11	4	179	\N	\N	\N	\N
1881	2023-07-13	37	180	\N	\N	\N	längs vägen mellan hoting och sundsvall
1882	2023-10-17	106	181	\N	\N	\N	\N
1883	2023-07-14	10	182	\N	\N	\N	\N
1884	2023-07-15	10	183	\N	\N	\N	\N
1885	2023-07-26	16	184	\N	\N	\N	\N
1886	2023-12-05	50	185	\N	\N	8	\N
1887	2024-02-02	77	186	\N	\N	8	\N
1888	2024-02-20	55	187	\N	\N	\N	\N
1889	2024-04-14	14	188	\N	\N	\N	\N
1890	2024-04-15	69	189	\N	\N	\N	\N
1891	2024-04-15	69	190	\N	\N	\N	\N
1892	2024-04-15	68	191	\N	\N	\N	\N
1893	2024-04-15	69	192	\N	\N	\N	\N
1894	2024-04-16	3	193	\N	\N	\N	\N
1895	2024-04-16	69	194	\N	\N	\N	\N
1896	2024-04-17	69	195	\N	\N	\N	\N
1897	2024-04-25	9	196	\N	\N	\N	\N
1898	2024-05-30	13	197	\N	\N	1	\N
1899	2024-06-04	81	198	\N	\N	1	\N
1900	2024-06-15	110	199	\N	\N	\N	\N
1901	2024-06-15	110	200	\N	\N	\N	\N
1902	2024-06-16	56	201	\N	\N	\N	\N
1903	2024-06-17	108	202	\N	\N	\N	\N
1904	2024-06-19	102	203	\N	\N	\N	\N
1905	2024-11-25	12	86	\N	10	4	\N
1906	2024-12-28	100	151	\N	1	3	\N
1907	2024-12-30	\N	58	\N	50	4	\N
1908	2024-12-30	\N	47	\N	\N	1	\N
1909	2024-12-30	\N	46	\N	1	3	\N
1910	2024-12-30	\N	\N	\N	1	2	\N
1911	2024-12-30	\N	56	\N	1	2	\N
1912	2024-12-30	\N	20	\N	3	3	\N
1913	2024-12-30	\N	6	\N	1	\N	\N
1914	2024-12-30	\N	63	\N	1	4	\N
1915	2024-12-30	49	72	\N	1	4	\N
1916	2024-12-30	49	63	\N	2	3	\N
1917	2024-12-30	49	140	\N	\N	1	\N
\.


--
-- Data for Name: observation_type; Type: TABLE DATA; Schema: public; Owner: postgres
--

COPY public.observation_type (observation_type_id, name) FROM stdin;
1	sång/läte
2	förbiflygande
3	stationär
4	födosökande
5	pulli/nyligen flygga ungar
6	rastande
7	sträckande
8	osäker obs
\.


--
-- Data for Name: photo; Type: TABLE DATA; Schema: public; Owner: postgres
--

COPY public.photo (photo_id, file_path, image_data, "time") FROM stdin;
1	pCloudDrive/Photos/faglar/30m-karret-240429/DSC_0451.JPG	\N	2024-04-29 00:00:00
2	pCloudDrive/Photos/faglar/30m-karret-240429/DSC_0460.JPG	\N	2024-04-29 00:00:00
3	pCloudDrive/Photos/faglar/30m-karret-240429/DSC_0462.JPG	\N	2024-04-29 00:00:00
4	pCloudDrive/Photos/faglar/30m-karret-240429/DSC_0464.JPG	\N	2024-04-29 00:00:00
5	pCloudDrive/Photos/faglar/30m-karret-240429/DSC_0465.JPG	\N	2024-04-29 00:00:00
6	pCloudDrive/Photos/faglar/30m-karret-240429/DSC_0470.JPG	\N	2024-04-29 00:00:00
7	pCloudDrive/Photos/faglar/30m-karret-240429/DSC_0471.JPG	\N	2024-04-29 00:00:00
8	pCloudDrive/Photos/faglar/30m-karret-240429/DSC_0473.JPG	\N	2024-04-29 00:00:00
9	pCloudDrive/Photos/faglar/30m-karret-240429/DSC_0474.JPG	\N	2024-04-29 00:00:00
10	pCloudDrive/Photos/faglar/30m-karret-240429/DSC_0477.JPG	\N	2024-04-29 00:00:00
11	pCloudDrive/Photos/faglar/30m-karret-240429/DSC_0479.JPG	\N	2024-04-29 00:00:00
12	pCloudDrive/Photos/faglar/30m-karret-240429/DSC_0481.JPG	\N	2024-04-29 00:00:00
13	pCloudDrive/Photos/faglar/ammarnas-230708/DSC_0971.JPG	\N	2023-07-08 00:00:00
14	pCloudDrive/Photos/faglar/ammarnas-230708/DSC_0972.JPG	\N	2023-07-08 00:00:00
15	pCloudDrive/Photos/faglar/ammarnas-230708/DSC_0973.JPG	\N	2023-07-08 00:00:00
16	pCloudDrive/Photos/faglar/ammarnas-230708/DSC_0975.JPG	\N	2023-07-08 00:00:00
17	pCloudDrive/Photos/faglar/ammarnas-230708/DSC_0976.JPG	\N	2023-07-08 00:00:00
18	pCloudDrive/Photos/faglar/ammarnas-230708/DSC_0978.JPG	\N	2023-07-08 00:00:00
19	pCloudDrive/Photos/faglar/ammarnas-230710/DSC_0005_10.JPG	\N	2023-07-10 00:00:00
20	pCloudDrive/Photos/faglar/ammarnas-230710/DSC_0014_8.JPG	\N	2023-07-10 00:00:00
21	pCloudDrive/Photos/faglar/ammarnas-230710/DSC_0017_6.JPG	\N	2023-07-10 00:00:00
22	pCloudDrive/Photos/faglar/ammarnas-230710/DSC_0018_6.JPG	\N	2023-07-10 00:00:00
23	pCloudDrive/Photos/faglar/ammarnas-230710/DSC_0021_6.JPG	\N	2023-07-10 00:00:00
24	pCloudDrive/Photos/faglar/ammarnas-230710/DSC_0022_6.JPG	\N	2023-07-10 00:00:00
25	pCloudDrive/Photos/faglar/ammarnas-230710/DSC_0024_6.JPG	\N	2023-07-10 00:00:00
26	pCloudDrive/Photos/faglar/ammarnas-230710/DSC_0029_6.JPG	\N	2023-07-10 00:00:00
27	pCloudDrive/Photos/faglar/ammarnas-230710/DSC_0038_5.JPG	\N	2023-07-10 00:00:00
28	pCloudDrive/Photos/faglar/ammarnas-230710/DSC_0040_5.JPG	\N	2023-07-10 00:00:00
29	pCloudDrive/Photos/faglar/ammarnas-230710/DSC_0042_4.JPG	\N	2023-07-10 00:00:00
30	pCloudDrive/Photos/faglar/ammarnas-230710/DSC_0043_4.JPG	\N	2023-07-10 00:00:00
31	pCloudDrive/Photos/faglar/ammarnas-230710/DSC_0044_4.JPG	\N	2023-07-10 00:00:00
32	pCloudDrive/Photos/faglar/ammarnas-230710/DSC_0048_2.JPG	\N	2023-07-10 00:00:00
33	pCloudDrive/Photos/faglar/ammarnas-230710/DSC_0049_3.JPG	\N	2023-07-10 00:00:00
34	pCloudDrive/Photos/faglar/ammarnas-230710/DSC_0052_2.JPG	\N	2023-07-10 00:00:00
35	pCloudDrive/Photos/faglar/ammarnas-230710/DSC_0054_2.JPG	\N	2023-07-10 00:00:00
36	pCloudDrive/Photos/faglar/ammarnas-230710/DSC_0056_2.JPG	\N	2023-07-10 00:00:00
37	pCloudDrive/Photos/faglar/ammarnas-230710/DSC_0057_2.JPG	\N	2023-07-10 00:00:00
38	pCloudDrive/Photos/faglar/ammarnas-230710/DSC_0058_1.JPG	\N	2023-07-10 00:00:00
39	pCloudDrive/Photos/faglar/ammarnas-230710/DSC_0059_1.JPG	\N	2023-07-10 00:00:00
40	pCloudDrive/Photos/faglar/ammarnas-230710/DSC_0061_3.JPG	\N	2023-07-10 00:00:00
41	pCloudDrive/Photos/faglar/ammarnas-230710/DSC_0063_3.JPG	\N	2023-07-10 00:00:00
42	pCloudDrive/Photos/faglar/ammarnas-230710/DSC_0067_4.JPG	\N	2023-07-10 00:00:00
43	pCloudDrive/Photos/faglar/ammarnas-230710/DSC_0069_3.JPG	\N	2023-07-10 00:00:00
44	pCloudDrive/Photos/faglar/ammarnas-230710/DSC_0070_3.JPG	\N	2023-07-10 00:00:00
45	pCloudDrive/Photos/faglar/ammarnas-230710/DSC_0074_4.JPG	\N	2023-07-10 00:00:00
46	pCloudDrive/Photos/faglar/ammarnas-230710/DSC_0075_4.JPG	\N	2023-07-10 00:00:00
47	pCloudDrive/Photos/faglar/ammarnas-230710/DSC_0076_4.JPG	\N	2023-07-10 00:00:00
48	pCloudDrive/Photos/faglar/ammarnas-230710/DSC_0077_4.JPG	\N	2023-07-10 00:00:00
49	pCloudDrive/Photos/faglar/ammarnas-230710/DSC_0079_4.JPG	\N	2023-07-10 00:00:00
50	pCloudDrive/Photos/faglar/ammarnas-230710/DSC_1084.JPG	\N	2023-07-10 00:00:00
51	pCloudDrive/Photos/faglar/ammarnas-230710/DSC_1086.JPG	\N	2023-07-10 00:00:00
52	pCloudDrive/Photos/faglar/ammarnas-230710/DSC_1087.JPG	\N	2023-07-10 00:00:00
53	pCloudDrive/Photos/faglar/ammarnas-230710/DSC_1089.JPG	\N	2023-07-10 00:00:00
54	pCloudDrive/Photos/faglar/ammarnas-230710/DSC_1091_1.JPG	\N	2023-07-10 00:00:00
55	pCloudDrive/Photos/faglar/ammarnas-230710/DSC_1092_1.JPG	\N	2023-07-10 00:00:00
56	pCloudDrive/Photos/faglar/ammarnas-230710/DSC_1093_1.JPG	\N	2023-07-10 00:00:00
57	pCloudDrive/Photos/faglar/ammarnas-230710/DSC_1094.JPG	\N	2023-07-10 00:00:00
58	pCloudDrive/Photos/faglar/ammarnas-230710/DSC_1127.JPG	\N	2023-07-10 00:00:00
59	pCloudDrive/Photos/faglar/ammarnas-230710/DSC_1133.JPG	\N	2023-07-10 00:00:00
60	pCloudDrive/Photos/faglar/ammarnas-230710/DSC_1136.JPG	\N	2023-07-10 00:00:00
61	pCloudDrive/Photos/faglar/ammarnas-230710/DSC_1140.JPG	\N	2023-07-10 00:00:00
62	pCloudDrive/Photos/faglar/ammarnas-230710/DSC_1142.JPG	\N	2023-07-10 00:00:00
63	pCloudDrive/Photos/faglar/ammarnas-230710/DSC_1145_1.JPG	\N	2023-07-10 00:00:00
64	pCloudDrive/Photos/faglar/ammarnas-230710/DSC_1150.JPG	\N	2023-07-10 00:00:00
65	pCloudDrive/Photos/faglar/ammarnas-230710/DSC_1153.JPG	\N	2023-07-10 00:00:00
66	pCloudDrive/Photos/faglar/ammarnas-230710/DSC_1154.JPG	\N	2023-07-10 00:00:00
67	pCloudDrive/Photos/faglar/ammarnas-230710/DSC_1155.JPG	\N	2023-07-10 00:00:00
68	pCloudDrive/Photos/faglar/angskar-240712/DSC_0129.JPG	\N	2024-07-12 00:00:00
69	pCloudDrive/Photos/faglar/angskar-240712/DSC_0131.JPG	\N	2024-07-12 00:00:00
70	pCloudDrive/Photos/faglar/angskar-240712/DSC_0137.JPG	\N	2024-07-12 00:00:00
71	pCloudDrive/Photos/faglar/angskar-240712/DSC_0138.JPG	\N	2024-07-12 00:00:00
72	pCloudDrive/Photos/faglar/angskar-240712/DSC_0139.JPG	\N	2024-07-12 00:00:00
73	pCloudDrive/Photos/faglar/angskar-240712/DSC_0140.JPG	\N	2024-07-12 00:00:00
74	pCloudDrive/Photos/faglar/angskar-240712/DSC_0141.JPG	\N	2024-07-12 00:00:00
75	pCloudDrive/Photos/faglar/angskar-240712/DSC_0150.JPG	\N	2024-07-12 00:00:00
76	pCloudDrive/Photos/faglar/angskar-240712/DSC_0160.JPG	\N	2024-07-12 00:00:00
77	pCloudDrive/Photos/faglar/angskar-240712/DSC_0162.JPG	\N	2024-07-12 00:00:00
78	pCloudDrive/Photos/faglar/aston-230715/DSC_0179.JPG	\N	2023-07-15 00:00:00
79	pCloudDrive/Photos/faglar/aston-230715/DSC_0180.JPG	\N	2023-07-15 00:00:00
80	pCloudDrive/Photos/faglar/aston-230715/DSC_0181.JPG	\N	2023-07-15 00:00:00
81	pCloudDrive/Photos/faglar/aston-230715/DSC_0182.JPG	\N	2023-07-15 00:00:00
82	pCloudDrive/Photos/faglar/aston-230715/DSC_0205.JPG	\N	2023-07-15 00:00:00
83	pCloudDrive/Photos/faglar/aston-230715/DSC_0207.JPG	\N	2023-07-15 00:00:00
84	pCloudDrive/Photos/faglar/aston-230715/DSC_0221.JPG	\N	2023-07-15 00:00:00
85	pCloudDrive/Photos/faglar/aston-230715/DSC_0224.JPG	\N	2023-07-15 00:00:00
86	pCloudDrive/Photos/faglar/aston-230715/DSC_0225.JPG	\N	2023-07-15 00:00:00
87	pCloudDrive/Photos/faglar/aston-230715/DSC_0232.JPG	\N	2023-07-15 00:00:00
88	pCloudDrive/Photos/faglar/aston-230715/DSC_0261.JPG	\N	2023-07-15 00:00:00
89	pCloudDrive/Photos/faglar/aston-230715/DSC_0263.JPG	\N	2023-07-15 00:00:00
90	pCloudDrive/Photos/faglar/aston-230715/DSC_0265.JPG	\N	2023-07-15 00:00:00
91	pCloudDrive/Photos/faglar/aston-230715/DSC_0267.JPG	\N	2023-07-15 00:00:00
92	pCloudDrive/Photos/faglar/aston-230715/DSC_0274.JPG	\N	2023-07-15 00:00:00
93	pCloudDrive/Photos/faglar/aston-230715/DSC_0275.JPG	\N	2023-07-15 00:00:00
94	pCloudDrive/Photos/faglar/aston-230715/DSC_0282.JPG	\N	2023-07-15 00:00:00
95	pCloudDrive/Photos/faglar/aston-230715/DSC_0286.JPG	\N	2023-07-15 00:00:00
96	pCloudDrive/Photos/faglar/aston-230715/DSC_0290.JPG	\N	2023-07-15 00:00:00
97	pCloudDrive/Photos/faglar/aston-230715/DSC_0292.JPG	\N	2023-07-15 00:00:00
98	pCloudDrive/Photos/faglar/berlins-230717/DSC_0298.JPG	\N	2023-07-17 00:00:00
99	pCloudDrive/Photos/faglar/berlins-230717/DSC_0305.JPG	\N	2023-07-17 00:00:00
100	pCloudDrive/Photos/faglar/berlins-230717/DSC_0306.JPG	\N	2023-07-17 00:00:00
101	pCloudDrive/Photos/faglar/berlins-230717/DSC_0307.JPG	\N	2023-07-17 00:00:00
102	pCloudDrive/Photos/faglar/berlins-230717/DSC_0315.JPG	\N	2023-07-17 00:00:00
103	pCloudDrive/Photos/faglar/berlins-230717/DSC_0316.JPG	\N	2023-07-17 00:00:00
104	pCloudDrive/Photos/faglar/berlins-230717/DSC_0318.JPG	\N	2023-07-17 00:00:00
105	pCloudDrive/Photos/faglar/berlins-230717/DSC_0321.JPG	\N	2023-07-17 00:00:00
106	pCloudDrive/Photos/faglar/berlins-230717/DSC_0322.JPG	\N	2023-07-17 00:00:00
107	pCloudDrive/Photos/faglar/berlins-230717/DSC_0325.JPG	\N	2023-07-17 00:00:00
108	pCloudDrive/Photos/faglar/berlins-230717/DSC_0326.JPG	\N	2023-07-17 00:00:00
109	pCloudDrive/Photos/faglar/berlins-230717/DSC_0327.JPG	\N	2023-07-17 00:00:00
110	pCloudDrive/Photos/faglar/berlins-230717/DSC_0330.JPG	\N	2023-07-17 00:00:00
111	pCloudDrive/Photos/faglar/bjorktrastar-hemma-220822/DSC_1466.JPG	\N	2022-08-22 00:00:00
112	pCloudDrive/Photos/faglar/bjorktrastar-hemma-220822/DSC_1467.JPG	\N	2022-08-22 00:00:00
113	pCloudDrive/Photos/faglar/bjorktrastar-hemma-220822/DSC_1468.JPG	\N	2022-08-22 00:00:00
114	pCloudDrive/Photos/faglar/bjorktrastar-hemma-220822/DSC_1469.JPG	\N	2022-08-22 00:00:00
115	pCloudDrive/Photos/faglar/bjorktrastar-hemma-220822/DSC_1472.JPG	\N	2022-08-22 00:00:00
116	pCloudDrive/Photos/faglar/bjorktrastar-hemma-220822/DSC_1473.JPG	\N	2022-08-22 00:00:00
117	pCloudDrive/Photos/faglar/bjorktrastar-hemma-220822/DSC_1474.JPG	\N	2022-08-22 00:00:00
118	pCloudDrive/Photos/faglar/bjorktrastar-hemma-220822/DSC_1475.JPG	\N	2022-08-22 00:00:00
119	pCloudDrive/Photos/faglar/bjorktrastar-hemma-220822/DSC_1476.JPG	\N	2022-08-22 00:00:00
120	pCloudDrive/Photos/faglar/bjorktrastar-hemma-220822/DSC_1477.JPG	\N	2022-08-22 00:00:00
121	pCloudDrive/Photos/faglar/bjorktrastar-hemma-220822/DSC_1478.JPG	\N	2022-08-22 00:00:00
122	pCloudDrive/Photos/faglar/broangarna-230325/DSC_0119_3.JPG	\N	2023-03-25 00:00:00
123	pCloudDrive/Photos/faglar/broangarna-230325/DSC_0120_3.JPG	\N	2023-03-25 00:00:00
124	pCloudDrive/Photos/faglar/broangarna-230325/DSC_0121_3.JPG	\N	2023-03-25 00:00:00
125	pCloudDrive/Photos/faglar/broangarna-230325/DSC_0122_3.JPG	\N	2023-03-25 00:00:00
126	pCloudDrive/Photos/faglar/broangarna-230325/DSC_0123_3.JPG	\N	2023-03-25 00:00:00
127	pCloudDrive/Photos/faglar/broangarna-230325/DSC_0124_3.JPG	\N	2023-03-25 00:00:00
128	pCloudDrive/Photos/faglar/broangarna-230325/DSC_0125_3.JPG	\N	2023-03-25 00:00:00
129	pCloudDrive/Photos/faglar/broangarna-230325/DSC_0126_2.JPG	\N	2023-03-25 00:00:00
130	pCloudDrive/Photos/faglar/broangarna-230325/DSC_0127_2.JPG	\N	2023-03-25 00:00:00
131	pCloudDrive/Photos/faglar/broangarna-230325/DSC_0128_2.JPG	\N	2023-03-25 00:00:00
132	pCloudDrive/Photos/faglar/broangarna-230325/DSC_0129_2.JPG	\N	2023-03-25 00:00:00
133	pCloudDrive/Photos/faglar/broangarna-230325/DSC_0130_2.JPG	\N	2023-03-25 00:00:00
134	pCloudDrive/Photos/faglar/broangarna-230325/DSC_0131_2.JPG	\N	2023-03-25 00:00:00
135	pCloudDrive/Photos/faglar/broangarna-230325/DSC_0132_2.JPG	\N	2023-03-25 00:00:00
136	pCloudDrive/Photos/faglar/broangarna-230325/DSC_0133_2.JPG	\N	2023-03-25 00:00:00
137	pCloudDrive/Photos/faglar/broangarna-230325/DSC_0134_2.JPG	\N	2023-03-25 00:00:00
138	pCloudDrive/Photos/faglar/broangarna-230325/DSC_0135_2.JPG	\N	2023-03-25 00:00:00
139	pCloudDrive/Photos/faglar/broangarna-230325/DSC_0136_2.JPG	\N	2023-03-25 00:00:00
140	pCloudDrive/Photos/faglar/broangarna-230325/DSC_0137_2.JPG	\N	2023-03-25 00:00:00
141	pCloudDrive/Photos/faglar/broangarna-230325/DSC_0138_1.JPG	\N	2023-03-25 00:00:00
142	pCloudDrive/Photos/faglar/broangarna-230325/DSC_0139_2.JPG	\N	2023-03-25 00:00:00
143	pCloudDrive/Photos/faglar/broangarna-230325/DSC_0140_2.JPG	\N	2023-03-25 00:00:00
144	pCloudDrive/Photos/faglar/broangarna-230325/DSC_0141_2.JPG	\N	2023-03-25 00:00:00
145	pCloudDrive/Photos/faglar/broangarna-230325/DSC_0142_2.JPG	\N	2023-03-25 00:00:00
146	pCloudDrive/Photos/faglar/broangarna-230325/DSC_0143_2.JPG	\N	2023-03-25 00:00:00
147	pCloudDrive/Photos/faglar/broangarna-230325/DSC_0144_2.JPG	\N	2023-03-25 00:00:00
148	pCloudDrive/Photos/faglar/broangarna-230325/DSC_0145_2.JPG	\N	2023-03-25 00:00:00
149	pCloudDrive/Photos/faglar/broangarna-230325/DSC_0146_2.JPG	\N	2023-03-25 00:00:00
150	pCloudDrive/Photos/faglar/broangarna-230325/DSC_0147_2.JPG	\N	2023-03-25 00:00:00
151	pCloudDrive/Photos/faglar/broangarna-230325/DSC_0148_2.JPG	\N	2023-03-25 00:00:00
152	pCloudDrive/Photos/faglar/fibbetorpsskogen-231015/DSC_0021.JPG	\N	2023-10-15 00:00:00
153	pCloudDrive/Photos/faglar/fibbetorpsskogen-231015/DSC_0022.JPG	\N	2023-10-15 00:00:00
154	pCloudDrive/Photos/faglar/fibbetorpsskogen-231015/DSC_0023.JPG	\N	2023-10-15 00:00:00
155	pCloudDrive/Photos/faglar/fibbetorpsskogen-231015/DSC_0024.JPG	\N	2023-10-15 00:00:00
156	pCloudDrive/Photos/faglar/fibbetorpsskogen-231015/fixad-kungsfagel.jpg	\N	2023-10-15 00:00:00
157	pCloudDrive/Photos/faglar/fjallvrak-tysslingen-230206/DSC_0035_4.JPG	\N	2023-02-06 00:00:00
158	pCloudDrive/Photos/faglar/fjallvrak-tysslingen-230206/DSC_0036_3.JPG	\N	2023-02-06 00:00:00
159	pCloudDrive/Photos/faglar/fjallvrak-tysslingen-230206/DSC_0038_4.JPG	\N	2023-02-06 00:00:00
160	pCloudDrive/Photos/faglar/fjallvrak-tysslingen-230206/DSC_0039_4-cropped.JPG	\N	2023-02-06 00:00:00
161	pCloudDrive/Photos/faglar/fjallvrak-tysslingen-230206/DSC_0039_4.JPG	\N	2023-02-06 00:00:00
162	pCloudDrive/Photos/faglar/fjallvrak-tysslingen-230206/DSC_0040_4.JPG	\N	2023-02-06 00:00:00
163	pCloudDrive/Photos/faglar/fjallvrak-tysslingen-230206/DSC_0041_3.JPG	\N	2023-02-06 00:00:00
164	pCloudDrive/Photos/faglar/fjallvrak-tysslingen-230206/DSC_0046_3.JPG	\N	2023-02-06 00:00:00
165	pCloudDrive/Photos/faglar/fjallvrak-tysslingen-230206/DSC_0050_4.JPG	\N	2023-02-06 00:00:00
166	pCloudDrive/Photos/faglar/fjallvrak-tysslingen-230206/DSC_0053_1.JPG	\N	2023-02-06 00:00:00
167	pCloudDrive/Photos/faglar/fjallvrak-tysslingen-230206/DSC_0054_1.JPG	\N	2023-02-06 00:00:00
168	pCloudDrive/Photos/faglar/fjallvrak-tysslingen-230206/DSC_0055_1.JPG	\N	2023-02-06 00:00:00
169	pCloudDrive/Photos/faglar/fjallvrak-tysslingen-230206/DSC_0056_1.JPG	\N	2023-02-06 00:00:00
170	pCloudDrive/Photos/faglar/fjallvrak-tysslingen-230206/DSC_0058.JPG	\N	2023-02-06 00:00:00
171	pCloudDrive/Photos/faglar/fjallvrak-tysslingen-230206/DSC_0059.JPG	\N	2023-02-06 00:00:00
172	pCloudDrive/Photos/faglar/fysingen-221008/DSC_1427.JPG	\N	2022-10-08 00:00:00
173	pCloudDrive/Photos/faglar/fysingen-221008/DSC_1428.JPG	\N	2022-10-08 00:00:00
174	pCloudDrive/Photos/faglar/fysingen-221008/DSC_1431.JPG	\N	2022-10-08 00:00:00
175	pCloudDrive/Photos/faglar/fysingen-221008/DSC_1432.JPG	\N	2022-10-08 00:00:00
176	pCloudDrive/Photos/faglar/fysingen-221008/DSC_1433.JPG	\N	2022-10-08 00:00:00
177	pCloudDrive/Photos/faglar/fysingen-221008/DSC_1435.JPG	\N	2022-10-08 00:00:00
178	pCloudDrive/Photos/faglar/fysingen-221008/DSC_1436.JPG	\N	2022-10-08 00:00:00
179	pCloudDrive/Photos/faglar/fysingen-221008/DSC_1437.JPG	\N	2022-10-08 00:00:00
180	pCloudDrive/Photos/faglar/fysingen-221008/DSC_1438.JPG	\N	2022-10-08 00:00:00
181	pCloudDrive/Photos/faglar/fysingen-221008/DSC_1444.JPG	\N	2022-10-08 00:00:00
182	pCloudDrive/Photos/faglar/fysingen-221008/DSC_1445.JPG	\N	2022-10-08 00:00:00
183	pCloudDrive/Photos/faglar/fysingen-221008/DSC_1447.JPG	\N	2022-10-08 00:00:00
184	pCloudDrive/Photos/faglar/fysingen-221008/DSC_1448.JPG	\N	2022-10-08 00:00:00
185	pCloudDrive/Photos/faglar/fysingen-221008/DSC_1449.JPG	\N	2022-10-08 00:00:00
186	pCloudDrive/Photos/faglar/fysingen-221008/DSC_1450.JPG	\N	2022-10-08 00:00:00
187	pCloudDrive/Photos/faglar/fysingen-221008/DSC_1451.JPG	\N	2022-10-08 00:00:00
188	pCloudDrive/Photos/faglar/fysingen-221008/DSC_1452.JPG	\N	2022-10-08 00:00:00
189	pCloudDrive/Photos/faglar/fysingen-221008/DSC_1453.JPG	\N	2022-10-08 00:00:00
190	pCloudDrive/Photos/faglar/fysingen-221008/DSC_1454.JPG	\N	2022-10-08 00:00:00
191	pCloudDrive/Photos/faglar/fysingen-230107/DSC_1813.JPG	\N	2023-01-07 00:00:00
192	pCloudDrive/Photos/faglar/fysingen-230107/DSC_1814_1.JPG	\N	2023-01-07 00:00:00
193	pCloudDrive/Photos/faglar/fysingen-230107/DSC_1817_1.JPG	\N	2023-01-07 00:00:00
194	pCloudDrive/Photos/faglar/fysingen-230107/DSC_1820.JPG	\N	2023-01-07 00:00:00
195	pCloudDrive/Photos/faglar/fysingen-230107/DSC_1821.JPG	\N	2023-01-07 00:00:00
196	pCloudDrive/Photos/faglar/fysingen-230107/DSC_1825.JPG	\N	2023-01-07 00:00:00
197	pCloudDrive/Photos/faglar/fysingen-230107/DSC_1826.JPG	\N	2023-01-07 00:00:00
198	pCloudDrive/Photos/faglar/fysingen-230107/DSC_1828.JPG	\N	2023-01-07 00:00:00
199	pCloudDrive/Photos/faglar/fysingen-230107/DSC_1829.JPG	\N	2023-01-07 00:00:00
200	pCloudDrive/Photos/faglar/fysingen-230107/DSC_1830.JPG	\N	2023-01-07 00:00:00
201	pCloudDrive/Photos/faglar/fysingen-230107/DSC_1832.JPG	\N	2023-01-07 00:00:00
202	pCloudDrive/Photos/faglar/fysingen-230107/DSC_1833.JPG	\N	2023-01-07 00:00:00
203	pCloudDrive/Photos/faglar/fysingen-230107/DSC_1835.JPG	\N	2023-01-07 00:00:00
204	pCloudDrive/Photos/faglar/fysingen-230107/DSC_1839.JPG	\N	2023-01-07 00:00:00
205	pCloudDrive/Photos/faglar/fysingen-230107/DSC_1843.JPG	\N	2023-01-07 00:00:00
206	pCloudDrive/Photos/faglar/fysingen-230107/DSC_1844.JPG	\N	2023-01-07 00:00:00
207	pCloudDrive/Photos/faglar/fysingen-230107/DSC_1845.JPG	\N	2023-01-07 00:00:00
208	pCloudDrive/Photos/faglar/fysingen-230107/DSC_1846.JPG	\N	2023-01-07 00:00:00
209	pCloudDrive/Photos/faglar/fysingen-230107/DSC_1847.JPG	\N	2023-01-07 00:00:00
210	pCloudDrive/Photos/faglar/fysingen-230107/DSC_1848.JPG	\N	2023-01-07 00:00:00
211	pCloudDrive/Photos/faglar/fysingen-230107/DSC_1849.JPG	\N	2023-01-07 00:00:00
212	pCloudDrive/Photos/faglar/fysingen-230107/DSC_1851.JPG	\N	2023-01-07 00:00:00
213	pCloudDrive/Photos/faglar/fysingen-230107/DSC_1852.JPG	\N	2023-01-07 00:00:00
214	pCloudDrive/Photos/faglar/fysingen-230107/DSC_1853.JPG	\N	2023-01-07 00:00:00
215	pCloudDrive/Photos/faglar/fysingen-230107/DSC_1854.JPG	\N	2023-01-07 00:00:00
216	pCloudDrive/Photos/faglar/fysingen-230115/DSC_1857.JPG	\N	2023-01-15 00:00:00
217	pCloudDrive/Photos/faglar/fysingen-230115/DSC_1860.JPG	\N	2023-01-15 00:00:00
218	pCloudDrive/Photos/faglar/fysingen-230115/DSC_1861.JPG	\N	2023-01-15 00:00:00
219	pCloudDrive/Photos/faglar/fysingen-230115/DSC_1865.JPG	\N	2023-01-15 00:00:00
220	pCloudDrive/Photos/faglar/fysingen-230115/DSC_1878.JPG	\N	2023-01-15 00:00:00
221	pCloudDrive/Photos/faglar/fysingen-230115/DSC_1879.JPG	\N	2023-01-15 00:00:00
222	pCloudDrive/Photos/faglar/fysingen-230115/DSC_1882.JPG	\N	2023-01-15 00:00:00
223	pCloudDrive/Photos/faglar/fysingen-230115/DSC_1885.JPG	\N	2023-01-15 00:00:00
224	pCloudDrive/Photos/faglar/fysingen-230115/DSC_1886.JPG	\N	2023-01-15 00:00:00
225	pCloudDrive/Photos/faglar/fysingen-230115/DSC_1887.JPG	\N	2023-01-15 00:00:00
226	pCloudDrive/Photos/faglar/fysingen-230115/DSC_1889.JPG	\N	2023-01-15 00:00:00
227	pCloudDrive/Photos/faglar/fysingen-230115/DSC_1890.JPG	\N	2023-01-15 00:00:00
228	pCloudDrive/Photos/faglar/fysingen-230115/DSC_1891.JPG	\N	2023-01-15 00:00:00
229	pCloudDrive/Photos/faglar/fysingen-230115/DSC_1892.JPG	\N	2023-01-15 00:00:00
230	pCloudDrive/Photos/faglar/fysingen-230115/DSC_1893.JPG	\N	2023-01-15 00:00:00
231	pCloudDrive/Photos/faglar/fysingen-230115/DSC_1894.JPG	\N	2023-01-15 00:00:00
232	pCloudDrive/Photos/faglar/fysingen-230115/DSC_1895.JPG	\N	2023-01-15 00:00:00
233	pCloudDrive/Photos/faglar/fysingen-230115/DSC_1899.JPG	\N	2023-01-15 00:00:00
234	pCloudDrive/Photos/faglar/fysingen-230115/DSC_1901.JPG	\N	2023-01-15 00:00:00
235	pCloudDrive/Photos/faglar/fysingen-230115/DSC_1902.JPG	\N	2023-01-15 00:00:00
236	pCloudDrive/Photos/faglar/fysingen-230115/DSC_1908.JPG	\N	2023-01-15 00:00:00
237	pCloudDrive/Photos/faglar/fysingen-230410/DSC_0170.JPG	\N	2023-04-10 00:00:00
238	pCloudDrive/Photos/faglar/fysingen-230410/DSC_0171.JPG	\N	2023-04-10 00:00:00
239	pCloudDrive/Photos/faglar/fysingen-230410/DSC_0172.JPG	\N	2023-04-10 00:00:00
240	pCloudDrive/Photos/faglar/fysingen-230410/DSC_0173.JPG	\N	2023-04-10 00:00:00
241	pCloudDrive/Photos/faglar/fysingen-230410/DSC_0178.JPG	\N	2023-04-10 00:00:00
242	pCloudDrive/Photos/faglar/fysingen-230410/DSC_0179.JPG	\N	2023-04-10 00:00:00
243	pCloudDrive/Photos/faglar/fysingen-230410/DSC_0180.JPG	\N	2023-04-10 00:00:00
244	pCloudDrive/Photos/faglar/fysingen-230410/DSC_0181.JPG	\N	2023-04-10 00:00:00
245	pCloudDrive/Photos/faglar/fysingen-230410/DSC_0184.JPG	\N	2023-04-10 00:00:00
246	pCloudDrive/Photos/faglar/fysingen-230410/DSC_0185.JPG	\N	2023-04-10 00:00:00
247	pCloudDrive/Photos/faglar/fysingen-230410/DSC_0186.JPG	\N	2023-04-10 00:00:00
248	pCloudDrive/Photos/faglar/fysingen-230410/DSC_0190.JPG	\N	2023-04-10 00:00:00
249	pCloudDrive/Photos/faglar/fysingen-230410/DSC_0191.JPG	\N	2023-04-10 00:00:00
250	pCloudDrive/Photos/faglar/fysingen-230410/DSC_0192.JPG	\N	2023-04-10 00:00:00
251	pCloudDrive/Photos/faglar/fysingen-230410/DSC_0200.JPG	\N	2023-04-10 00:00:00
252	pCloudDrive/Photos/faglar/fysingen-230410/DSC_0201.JPG	\N	2023-04-10 00:00:00
253	pCloudDrive/Photos/faglar/fysingen-230410/DSC_0202.JPG	\N	2023-04-10 00:00:00
254	pCloudDrive/Photos/faglar/fysingen-230410/DSC_0205.JPG	\N	2023-04-10 00:00:00
255	pCloudDrive/Photos/faglar/fysingen-230410/DSC_0209.JPG	\N	2023-04-10 00:00:00
256	pCloudDrive/Photos/faglar/fysingen-230410/DSC_0214.JPG	\N	2023-04-10 00:00:00
257	pCloudDrive/Photos/faglar/fysingen-230410/DSC_0215.JPG	\N	2023-04-10 00:00:00
258	pCloudDrive/Photos/faglar/fysingen-230410/DSC_0217.JPG	\N	2023-04-10 00:00:00
259	pCloudDrive/Photos/faglar/fysingen-230410/DSC_0218.JPG	\N	2023-04-10 00:00:00
260	pCloudDrive/Photos/faglar/fysingen-230410/DSC_0219.JPG	\N	2023-04-10 00:00:00
261	pCloudDrive/Photos/faglar/fysingen-230410/DSC_0220.JPG	\N	2023-04-10 00:00:00
262	pCloudDrive/Photos/faglar/fysingen-230410/DSC_0221.JPG	\N	2023-04-10 00:00:00
263	pCloudDrive/Photos/faglar/fysingen-230410/DSC_0222.JPG	\N	2023-04-10 00:00:00
264	pCloudDrive/Photos/faglar/fysingen-230410/DSC_0223.JPG	\N	2023-04-10 00:00:00
265	pCloudDrive/Photos/faglar/fysingen-230410/DSC_0224.JPG	\N	2023-04-10 00:00:00
266	pCloudDrive/Photos/faglar/fysingen-230410/DSC_0225.JPG	\N	2023-04-10 00:00:00
267	pCloudDrive/Photos/faglar/fysingen-230930/DSC_0020.JPG	\N	2023-09-30 00:00:00
268	pCloudDrive/Photos/faglar/fysingen-230930/DSC_0030.JPG	\N	2023-09-30 00:00:00
269	pCloudDrive/Photos/faglar/fysingen-230930/DSC_0032.JPG	\N	2023-09-30 00:00:00
270	pCloudDrive/Photos/faglar/fysingen-230930/DSC_0034.JPG	\N	2023-09-30 00:00:00
271	pCloudDrive/Photos/faglar/fysingen-230930/DSC_0035.JPG	\N	2023-09-30 00:00:00
272	pCloudDrive/Photos/faglar/fysingen-230930/DSC_0058.JPG	\N	2023-09-30 00:00:00
273	pCloudDrive/Photos/faglar/fysingen-230930/DSC_0065.JPG	\N	2023-09-30 00:00:00
274	pCloudDrive/Photos/faglar/fysingen-230930/DSC_0068.JPG	\N	2023-09-30 00:00:00
275	pCloudDrive/Photos/faglar/fysingen-230930/DSC_0071.JPG	\N	2023-09-30 00:00:00
276	pCloudDrive/Photos/faglar/fysingen-230930/DSC_0072.JPG	\N	2023-09-30 00:00:00
277	pCloudDrive/Photos/faglar/fysingen-230930/DSC_0073.JPG	\N	2023-09-30 00:00:00
278	pCloudDrive/Photos/faglar/fysingen-230930/DSC_0075.JPG	\N	2023-09-30 00:00:00
279	pCloudDrive/Photos/faglar/fysingen-230930/DSC_0077.JPG	\N	2023-09-30 00:00:00
280	pCloudDrive/Photos/faglar/fysingen-230930/DSC_0079.JPG	\N	2023-09-30 00:00:00
281	pCloudDrive/Photos/faglar/fysingen-230930/DSC_0097.JPG	\N	2023-09-30 00:00:00
282	pCloudDrive/Photos/faglar/fysingen-230930/DSC_0100.JPG	\N	2023-09-30 00:00:00
283	pCloudDrive/Photos/faglar/fysingen-240110/DSC_0200.JPG	\N	2024-01-10 00:00:00
284	pCloudDrive/Photos/faglar/fysingen-240110/DSC_0203.JPG	\N	2024-01-10 00:00:00
285	pCloudDrive/Photos/faglar/fysingen-240110/DSC_0206.JPG	\N	2024-01-10 00:00:00
286	pCloudDrive/Photos/faglar/fysingen-240110/DSC_0207.JPG	\N	2024-01-10 00:00:00
287	pCloudDrive/Photos/faglar/fysingen-240110/DSC_0214.JPG	\N	2024-01-10 00:00:00
288	pCloudDrive/Photos/faglar/fysingen-240110/DSC_0215.JPG	\N	2024-01-10 00:00:00
289	pCloudDrive/Photos/faglar/fysingen-240110/DSC_0230.JPG	\N	2024-01-10 00:00:00
290	pCloudDrive/Photos/faglar/fysingen-240110/DSC_0233.JPG	\N	2024-01-10 00:00:00
291	pCloudDrive/Photos/faglar/fysingen-240110/DSC_0240.JPG	\N	2024-01-10 00:00:00
292	pCloudDrive/Photos/faglar/fysingen-240110/DSC_0247.JPG	\N	2024-01-10 00:00:00
293	pCloudDrive/Photos/faglar/fysingen-240110/DSC_0249.JPG	\N	2024-01-10 00:00:00
294	pCloudDrive/Photos/faglar/fysingen-240110/DSC_0250.JPG	\N	2024-01-10 00:00:00
295	pCloudDrive/Photos/faglar/fysingen-240110/DSC_0260.JPG	\N	2024-01-10 00:00:00
296	pCloudDrive/Photos/faglar/fysingen-240110/DSC_0271.JPG	\N	2024-01-10 00:00:00
297	pCloudDrive/Photos/faglar/fysingen-240110/DSC_0276.JPG	\N	2024-01-10 00:00:00
298	pCloudDrive/Photos/faglar/fysingen-240110/DSC_0288.JPG	\N	2024-01-10 00:00:00
299	pCloudDrive/Photos/faglar/fysingen-240110/DSC_0289.JPG	\N	2024-01-10 00:00:00
300	pCloudDrive/Photos/faglar/fysingen-240110/DSC_0291.JPG	\N	2024-01-10 00:00:00
301	pCloudDrive/Photos/faglar/fysingen-240110/DSC_0292.JPG	\N	2024-01-10 00:00:00
302	pCloudDrive/Photos/faglar/fysingen-240110/DSC_0293.JPG	\N	2024-01-10 00:00:00
303	pCloudDrive/Photos/faglar/fysingen-240110/DSC_0295.JPG	\N	2024-01-10 00:00:00
304	pCloudDrive/Photos/faglar/fysingen-240110/DSC_0296.JPG	\N	2024-01-10 00:00:00
305	pCloudDrive/Photos/faglar/fysingen-240110/DSC_0298.JPG	\N	2024-01-10 00:00:00
306	pCloudDrive/Photos/faglar/fysingen-240110/DSC_0300.JPG	\N	2024-01-10 00:00:00
307	pCloudDrive/Photos/faglar/fysingen-240110/DSC_0301.JPG	\N	2024-01-10 00:00:00
308	pCloudDrive/Photos/faglar/fysingen-240110/DSC_0302.JPG	\N	2024-01-10 00:00:00
309	pCloudDrive/Photos/faglar/fysingen-240110/DSC_0304.JPG	\N	2024-01-10 00:00:00
310	pCloudDrive/Photos/faglar/garphyttan-240204/DSC_0394.JPG	\N	2024-02-04 00:00:00
311	pCloudDrive/Photos/faglar/garphyttan-240204/DSC_0397.JPG	\N	2024-02-04 00:00:00
312	pCloudDrive/Photos/faglar/garphyttan-240204/DSC_0403.JPG	\N	2024-02-04 00:00:00
313	pCloudDrive/Photos/faglar/garphyttan-240204/DSC_0407.JPG	\N	2024-02-04 00:00:00
314	pCloudDrive/Photos/faglar/garphyttan-240204/DSC_0410.JPG	\N	2024-02-04 00:00:00
315	pCloudDrive/Photos/faglar/garphyttan-240204/DSC_0411.JPG	\N	2024-02-04 00:00:00
316	pCloudDrive/Photos/faglar/garphyttan-240204/DSC_0413.JPG	\N	2024-02-04 00:00:00
317	pCloudDrive/Photos/faglar/gaseborg-220903/DSC_1550.JPG	\N	2022-09-03 00:00:00
318	pCloudDrive/Photos/faglar/gaseborg-220903/DSC_1556.JPG	\N	2022-09-03 00:00:00
319	pCloudDrive/Photos/faglar/gaseborg-220903/DSC_1558.JPG	\N	2022-09-03 00:00:00
320	pCloudDrive/Photos/faglar/gaseborg-220903/DSC_1565.JPG	\N	2022-09-03 00:00:00
321	pCloudDrive/Photos/faglar/gaseborg-220903/DSC_1570.JPG	\N	2022-09-03 00:00:00
322	pCloudDrive/Photos/faglar/gaseborg-220903/DSC_1582.JPG	\N	2022-09-03 00:00:00
323	pCloudDrive/Photos/faglar/gaseborg-220903/DSC_1585.JPG	\N	2022-09-03 00:00:00
324	pCloudDrive/Photos/faglar/gaseborg-220903/DSC_1587.JPG	\N	2022-09-03 00:00:00
325	pCloudDrive/Photos/faglar/gaseborg-220903/DSC_1589.JPG	\N	2022-09-03 00:00:00
326	pCloudDrive/Photos/faglar/gimelton-230712/DSC_0100.JPG	\N	2023-07-12 00:00:00
327	pCloudDrive/Photos/faglar/gimelton-230712/DSC_0101.JPG	\N	2023-07-12 00:00:00
328	pCloudDrive/Photos/faglar/gimelton-230712/DSC_0103.JPG	\N	2023-07-12 00:00:00
329	pCloudDrive/Photos/faglar/gimelton-230712/DSC_0107.JPG	\N	2023-07-12 00:00:00
330	pCloudDrive/Photos/faglar/gimelton-230712/DSC_0108.JPG	\N	2023-07-12 00:00:00
331	pCloudDrive/Photos/faglar/gimelton-230712/DSC_0110.JPG	\N	2023-07-12 00:00:00
332	pCloudDrive/Photos/faglar/gimelton-230712/DSC_0111.JPG	\N	2023-07-12 00:00:00
333	pCloudDrive/Photos/faglar/gimelton-230712/DSC_0113.JPG	\N	2023-07-12 00:00:00
334	pCloudDrive/Photos/faglar/gimelton-230712/DSC_0114.JPG	\N	2023-07-12 00:00:00
335	pCloudDrive/Photos/faglar/gimelton-230712/DSC_0115.JPG	\N	2023-07-12 00:00:00
336	pCloudDrive/Photos/faglar/gimelton-230712/DSC_0116.JPG	\N	2023-07-12 00:00:00
337	pCloudDrive/Photos/faglar/gimelton-230712/DSC_0117.JPG	\N	2023-07-12 00:00:00
338	pCloudDrive/Photos/faglar/gimelton-230712/DSC_0120.JPG	\N	2023-07-12 00:00:00
339	pCloudDrive/Photos/faglar/gimelton-230712/DSC_0121.JPG	\N	2023-07-12 00:00:00
340	pCloudDrive/Photos/faglar/gimelton-230712/DSC_0122.JPG	\N	2023-07-12 00:00:00
341	pCloudDrive/Photos/faglar/gimelton-230712/DSC_0123.JPG	\N	2023-07-12 00:00:00
342	pCloudDrive/Photos/faglar/gimelton-230712/DSC_0124.JPG	\N	2023-07-12 00:00:00
343	pCloudDrive/Photos/faglar/gimelton-230712/DSC_0125.JPG	\N	2023-07-12 00:00:00
344	pCloudDrive/Photos/faglar/gimelton-230712/DSC_0126.JPG	\N	2023-07-12 00:00:00
345	pCloudDrive/Photos/faglar/gimelton-230712/DSC_0134.JPG	\N	2023-07-12 00:00:00
346	pCloudDrive/Photos/faglar/gimelton-230712/DSC_0137.JPG	\N	2023-07-12 00:00:00
347	pCloudDrive/Photos/faglar/gimelton-230712/DSC_0138.JPG	\N	2023-07-12 00:00:00
348	pCloudDrive/Photos/faglar/gimelton-230712/DSC_0140.JPG	\N	2023-07-12 00:00:00
349	pCloudDrive/Photos/faglar/gimelton-230712/DSC_0141.JPG	\N	2023-07-12 00:00:00
350	pCloudDrive/Photos/faglar/hagadalen-240304/DSC_0445.JPG	\N	2024-03-04 00:00:00
351	pCloudDrive/Photos/faglar/hagadalen-240304/DSC_0446.JPG	\N	2024-03-04 00:00:00
352	pCloudDrive/Photos/faglar/hagadalen-240304/DSC_0450.JPG	\N	2024-03-04 00:00:00
353	pCloudDrive/Photos/faglar/hagadalen-240304/DSC_0454.JPG	\N	2024-03-04 00:00:00
354	pCloudDrive/Photos/faglar/hagadalen-240304/DSC_0459.JPG	\N	2024-03-04 00:00:00
355	pCloudDrive/Photos/faglar/hagadalen-240304/DSC_0462.JPG	\N	2024-03-04 00:00:00
356	pCloudDrive/Photos/faglar/hagadalen-240304/tradkrypare-fixad.JPG	\N	2024-03-04 00:00:00
357	pCloudDrive/Photos/faglar/hemma-220814/DSC_1299.JPG	\N	2022-08-14 00:00:00
358	pCloudDrive/Photos/faglar/hemma-220814/DSC_1304.JPG	\N	2022-08-14 00:00:00
359	pCloudDrive/Photos/faglar/hemma-220814/DSC_1309.JPG	\N	2022-08-14 00:00:00
360	pCloudDrive/Photos/faglar/hemma-220814/DSC_1311.JPG	\N	2022-08-14 00:00:00
361	pCloudDrive/Photos/faglar/hemma-220814/DSC_1313.JPG	\N	2022-08-14 00:00:00
362	pCloudDrive/Photos/faglar/hemma-220814/DSC_1314.JPG	\N	2022-08-14 00:00:00
363	pCloudDrive/Photos/faglar/hemma-220814/DSC_1316.JPG	\N	2022-08-14 00:00:00
364	pCloudDrive/Photos/faglar/hemma-220814/DSC_1317.JPG	\N	2022-08-14 00:00:00
365	pCloudDrive/Photos/faglar/hemma-220814/DSC_1318.JPG	\N	2022-08-14 00:00:00
366	pCloudDrive/Photos/faglar/hemma-220814/DSC_1320.JPG	\N	2022-08-14 00:00:00
367	pCloudDrive/Photos/faglar/hemma-220814/DSC_1321.JPG	\N	2022-08-14 00:00:00
368	pCloudDrive/Photos/faglar/hemma-220814/DSC_1322.JPG	\N	2022-08-14 00:00:00
369	pCloudDrive/Photos/faglar/hemma-220814/DSC_1323.JPG	\N	2022-08-14 00:00:00
370	pCloudDrive/Photos/faglar/hemma-220814/DSC_1324.JPG	\N	2022-08-14 00:00:00
371	pCloudDrive/Photos/faglar/hemma-220814/DSC_1325.JPG	\N	2022-08-14 00:00:00
372	pCloudDrive/Photos/faglar/hemma-220814/DSC_1326.JPG	\N	2022-08-14 00:00:00
373	pCloudDrive/Photos/faglar/hemma-220814/DSC_1327.JPG	\N	2022-08-14 00:00:00
374	pCloudDrive/Photos/faglar/hemma-220814/DSC_1328.JPG	\N	2022-08-14 00:00:00
375	pCloudDrive/Photos/faglar/hemma-220814/DSC_1329.JPG	\N	2022-08-14 00:00:00
376	pCloudDrive/Photos/faglar/hemma-220814/DSC_1330.JPG	\N	2022-08-14 00:00:00
377	pCloudDrive/Photos/faglar/hemma-220814/DSC_1331.JPG	\N	2022-08-14 00:00:00
378	pCloudDrive/Photos/faglar/hemma-220814/DSC_1332.JPG	\N	2022-08-14 00:00:00
379	pCloudDrive/Photos/faglar/hemma-220814/DSC_1333.JPG	\N	2022-08-14 00:00:00
380	pCloudDrive/Photos/faglar/hemma-220814/DSC_1334.JPG	\N	2022-08-14 00:00:00
381	pCloudDrive/Photos/faglar/hemma-220814/DSC_1335.JPG	\N	2022-08-14 00:00:00
382	pCloudDrive/Photos/faglar/hemma-220814/DSC_1336.JPG	\N	2022-08-14 00:00:00
383	pCloudDrive/Photos/faglar/hemma-220814/DSC_1337.JPG	\N	2022-08-14 00:00:00
384	pCloudDrive/Photos/faglar/hemma-220814/DSC_1340.JPG	\N	2022-08-14 00:00:00
385	pCloudDrive/Photos/faglar/hemma-220814/DSC_1341.JPG	\N	2022-08-14 00:00:00
386	pCloudDrive/Photos/faglar/hemma-220814/DSC_1342.JPG	\N	2022-08-14 00:00:00
387	pCloudDrive/Photos/faglar/hemma-220814/DSC_1345.JPG	\N	2022-08-14 00:00:00
388	pCloudDrive/Photos/faglar/hemma-220814/DSC_1346.JPG	\N	2022-08-14 00:00:00
389	pCloudDrive/Photos/faglar/hemma-220814/DSC_1347.JPG	\N	2022-08-14 00:00:00
390	pCloudDrive/Photos/faglar/hemma-220814/DSC_1350.JPG	\N	2022-08-14 00:00:00
391	pCloudDrive/Photos/faglar/hemma-220816/DSC_1358.JPG	\N	2022-08-16 00:00:00
392	pCloudDrive/Photos/faglar/hemma-220816/DSC_1359.JPG	\N	2022-08-16 00:00:00
393	pCloudDrive/Photos/faglar/hemma-220929/bild1.jpeg	\N	2022-09-29 00:00:00
394	pCloudDrive/Photos/faglar/hemma-220929/bild2.jpeg	\N	2022-09-29 00:00:00
395	pCloudDrive/Photos/faglar/hemma-220929/bild3.jpeg	\N	2022-09-29 00:00:00
396	pCloudDrive/Photos/faglar/hemma-220929/bild4.jpeg	\N	2022-09-29 00:00:00
397	pCloudDrive/Photos/faglar/hemma-220929/bild5.jpeg	\N	2022-09-29 00:00:00
398	pCloudDrive/Photos/faglar/hemma-220929/bild6.jpeg	\N	2022-09-29 00:00:00
399	pCloudDrive/Photos/faglar/hemma-220929/signal-2022-09-30-143120_002.jpeg	\N	2022-09-29 00:00:00
400	pCloudDrive/Photos/faglar/hemma-230313/DSC_0110_2.JPG	\N	2023-03-13 00:00:00
401	pCloudDrive/Photos/faglar/hemma-230313/DSC_0111_2.JPG	\N	2023-03-13 00:00:00
402	pCloudDrive/Photos/faglar/hemma-230313/DSC_0112_2.JPG	\N	2023-03-13 00:00:00
403	pCloudDrive/Photos/faglar/hemma-230313/DSC_0114_2.JPG	\N	2023-03-13 00:00:00
404	pCloudDrive/Photos/faglar/hemma-230313/DSC_0115_2.JPG	\N	2023-03-13 00:00:00
405	pCloudDrive/Photos/faglar/hemma-230313/DSC_0117_2.JPG	\N	2023-03-13 00:00:00
406	pCloudDrive/Photos/faglar/hemma-230313/DSC_0119_2.JPG	\N	2023-03-13 00:00:00
407	pCloudDrive/Photos/faglar/hemma-230313/DSC_0120_2.JPG	\N	2023-03-13 00:00:00
408	pCloudDrive/Photos/faglar/hemma-230313/DSC_0138.JPG	\N	2023-03-13 00:00:00
409	pCloudDrive/Photos/faglar/hemma-240217/DSC_0414.JPG	\N	2024-02-17 00:00:00
410	pCloudDrive/Photos/faglar/hemma-240217/DSC_0416.JPG	\N	2024-02-17 00:00:00
411	pCloudDrive/Photos/faglar/hemma-240217/DSC_0420.JPG	\N	2024-02-17 00:00:00
412	pCloudDrive/Photos/faglar/hemma-240217/DSC_0421.JPG	\N	2024-02-17 00:00:00
413	pCloudDrive/Photos/faglar/hemma-240217/DSC_0422.JPG	\N	2024-02-17 00:00:00
414	pCloudDrive/Photos/faglar/hemma-240301/DSC_0424.JPG	\N	2024-03-01 00:00:00
415	pCloudDrive/Photos/faglar/hemma-240301/DSC_0430.JPG	\N	2024-03-01 00:00:00
416	pCloudDrive/Photos/faglar/hemma-240301/DSC_0434.JPG	\N	2024-03-01 00:00:00
417	pCloudDrive/Photos/faglar/hemma-240301/DSC_0436.JPG	\N	2024-03-01 00:00:00
418	pCloudDrive/Photos/faglar/hemma-240301/DSC_0437.JPG	\N	2024-03-01 00:00:00
419	pCloudDrive/Photos/faglar/hemma-240301/DSC_0438.JPG	\N	2024-03-01 00:00:00
420	pCloudDrive/Photos/faglar/hemma-240301/DSC_0439.JPG	\N	2024-03-01 00:00:00
421	pCloudDrive/Photos/faglar/hemma-240301/DSC_0440.JPG	\N	2024-03-01 00:00:00
422	pCloudDrive/Photos/faglar/hemma-240301/DSC_0442.JPG	\N	2024-03-01 00:00:00
423	pCloudDrive/Photos/faglar/hemma-domherrar-231227/DSC_0153.JPG	\N	2023-12-27 00:00:00
424	pCloudDrive/Photos/faglar/hemma-domherrar-231227/DSC_0154.JPG	\N	2023-12-27 00:00:00
425	pCloudDrive/Photos/faglar/hemma-domherrar-231227/DSC_0155.JPG	\N	2023-12-27 00:00:00
426	pCloudDrive/Photos/faglar/hemma-domherrar-231227/DSC_0156.JPG	\N	2023-12-27 00:00:00
427	pCloudDrive/Photos/faglar/hemma-domherrar-231227/DSC_0160.JPG	\N	2023-12-27 00:00:00
428	pCloudDrive/Photos/faglar/hemma-domherrar-231227/DSC_0161.JPG	\N	2023-12-27 00:00:00
429	pCloudDrive/Photos/faglar/hemma-domherrar-231227/DSC_0169.JPG	\N	2023-12-27 00:00:00
430	pCloudDrive/Photos/faglar/hemma-domherrar-231227/DSC_0171.JPG	\N	2023-12-27 00:00:00
431	pCloudDrive/Photos/faglar/hemma-domherrar-231227/DSC_0172.JPG	\N	2023-12-27 00:00:00
432	pCloudDrive/Photos/faglar/hemma-domherrar-231227/DSC_0173.JPG	\N	2023-12-27 00:00:00
433	pCloudDrive/Photos/faglar/hemma-domherrar-231227/DSC_0174.JPG	\N	2023-12-27 00:00:00
434	pCloudDrive/Photos/faglar/hemma-koltrast-matning-240107/DSC_0178.JPG	\N	2024-01-07 00:00:00
435	pCloudDrive/Photos/faglar/hemma-koltrast-matning-240107/DSC_0180.JPG	\N	2024-01-07 00:00:00
436	pCloudDrive/Photos/faglar/hemma-koltrast-matning-240107/DSC_0182.JPG	\N	2024-01-07 00:00:00
437	pCloudDrive/Photos/faglar/hemma-koltrast-matning-240107/DSC_0184-beskuren.JPG	\N	2024-01-07 00:00:00
438	pCloudDrive/Photos/faglar/hemma-koltrast-matning-240107/DSC_0184.JPG	\N	2024-01-07 00:00:00
439	pCloudDrive/Photos/faglar/hemma-koltrast-matning-240107/DSC_0188.JPG	\N	2024-01-07 00:00:00
440	pCloudDrive/Photos/faglar/hemma-koltrast-matning-240107/DSC_0189.JPG	\N	2024-01-07 00:00:00
441	pCloudDrive/Photos/faglar/hemma-koltrast-matning-240107/DSC_0191.JPG	\N	2024-01-07 00:00:00
442	pCloudDrive/Photos/faglar/hemma-ringduva-240502/DSC_0451.JPG	\N	2024-05-02 00:00:00
443	pCloudDrive/Photos/faglar/hemma-ringduva-240502/DSC_0457.JPG	\N	2024-05-02 00:00:00
444	pCloudDrive/Photos/faglar/hemma-ringduva-240502/DSC_0467.JPG	\N	2024-05-02 00:00:00
445	pCloudDrive/Photos/faglar/hemma-ringduva-240502/DSC_0468.JPG	\N	2024-05-02 00:00:00
446	pCloudDrive/Photos/faglar/hemma-ringduva-240502/DSC_0469.JPG	\N	2024-05-02 00:00:00
447	pCloudDrive/Photos/faglar/hemma-ringduva-240502/DSC_0471.JPG	\N	2024-05-02 00:00:00
448	pCloudDrive/Photos/faglar/hemma-ringduva-240502/DSC_0472.JPG	\N	2024-05-02 00:00:00
449	pCloudDrive/Photos/faglar/hemma-ringduva-240502/DSC_0473.JPG	\N	2024-05-02 00:00:00
450	pCloudDrive/Photos/faglar/hjalstaviken-220917/DSC_1180.JPG	\N	2022-09-17 00:00:00
451	pCloudDrive/Photos/faglar/hjalstaviken-220917/DSC_1181.JPG	\N	2022-09-17 00:00:00
452	pCloudDrive/Photos/faglar/hjalstaviken-220917/DSC_1182.JPG	\N	2022-09-17 00:00:00
453	pCloudDrive/Photos/faglar/hjalstaviken-220917/DSC_1186.JPG	\N	2022-09-17 00:00:00
454	pCloudDrive/Photos/faglar/hjalstaviken-220917/DSC_1187.JPG	\N	2022-09-17 00:00:00
455	pCloudDrive/Photos/faglar/hjalstaviken-220917/DSC_1188.JPG	\N	2022-09-17 00:00:00
456	pCloudDrive/Photos/faglar/hjalstaviken-220917/DSC_1189.JPG	\N	2022-09-17 00:00:00
457	pCloudDrive/Photos/faglar/hjalstaviken-220917/DSC_1200.JPG	\N	2022-09-17 00:00:00
458	pCloudDrive/Photos/faglar/hjalstaviken-220917/DSC_1202.JPG	\N	2022-09-17 00:00:00
459	pCloudDrive/Photos/faglar/hjalstaviken-220917/DSC_1207.JPG	\N	2022-09-17 00:00:00
460	pCloudDrive/Photos/faglar/hjalstaviken-220917/DSC_1208.JPG	\N	2022-09-17 00:00:00
461	pCloudDrive/Photos/faglar/hjalstaviken-220917/DSC_1209.JPG	\N	2022-09-17 00:00:00
462	pCloudDrive/Photos/faglar/hjalstaviken-220917/DSC_1210.JPG	\N	2022-09-17 00:00:00
463	pCloudDrive/Photos/faglar/hjalstaviken-220917/DSC_1211.JPG	\N	2022-09-17 00:00:00
464	pCloudDrive/Photos/faglar/hjalstaviken-220917/DSC_1213.JPG	\N	2022-09-17 00:00:00
465	pCloudDrive/Photos/faglar/hjalstaviken-220917/DSC_1214.JPG	\N	2022-09-17 00:00:00
466	pCloudDrive/Photos/faglar/hjalstaviken-220917/DSC_1215.JPG	\N	2022-09-17 00:00:00
467	pCloudDrive/Photos/faglar/hjalstaviken-220917/DSC_1216.JPG	\N	2022-09-17 00:00:00
468	pCloudDrive/Photos/faglar/hjalstaviken-220917/DSC_1217.JPG	\N	2022-09-17 00:00:00
469	pCloudDrive/Photos/faglar/hjalstaviken-220917/DSC_1218.JPG	\N	2022-09-17 00:00:00
470	pCloudDrive/Photos/faglar/hjalstaviken-220917/DSC_1219.JPG	\N	2022-09-17 00:00:00
471	pCloudDrive/Photos/faglar/hjalstaviken-220917/DSC_1220.JPG	\N	2022-09-17 00:00:00
472	pCloudDrive/Photos/faglar/hjalstaviken-220917/DSC_1221.JPG	\N	2022-09-17 00:00:00
473	pCloudDrive/Photos/faglar/hjalstaviken-220917/DSC_1222.JPG	\N	2022-09-17 00:00:00
474	pCloudDrive/Photos/faglar/hjalstaviken-220917/DSC_1223.JPG	\N	2022-09-17 00:00:00
475	pCloudDrive/Photos/faglar/hjalstaviken-220917/DSC_1224.JPG	\N	2022-09-17 00:00:00
476	pCloudDrive/Photos/faglar/hjalstaviken-220917/DSC_1225.JPG	\N	2022-09-17 00:00:00
477	pCloudDrive/Photos/faglar/hjalstaviken-220917/DSC_1226.JPG	\N	2022-09-17 00:00:00
478	pCloudDrive/Photos/faglar/hjalstaviken-220917/DSC_1227.JPG	\N	2022-09-17 00:00:00
479	pCloudDrive/Photos/faglar/hjalstaviken-220917/DSC_1232.JPG	\N	2022-09-17 00:00:00
480	pCloudDrive/Photos/faglar/hjalstaviken-220917/DSC_1233.JPG	\N	2022-09-17 00:00:00
481	pCloudDrive/Photos/faglar/hjalstaviken-220917/DSC_1246.JPG	\N	2022-09-17 00:00:00
482	pCloudDrive/Photos/faglar/hjalstaviken-220917/fjallgas.jpg	\N	2022-09-17 00:00:00
483	pCloudDrive/Photos/faglar/hjalstaviken-240228/DSC_0424.JPG	\N	2024-02-28 00:00:00
484	pCloudDrive/Photos/faglar/hjalstaviken-240228/DSC_0426.JPG	\N	2024-02-28 00:00:00
485	pCloudDrive/Photos/faglar/hjalstaviken-240228/DSC_0429.JPG	\N	2024-02-28 00:00:00
486	pCloudDrive/Photos/faglar/hjalstaviken-240228/DSC_0430.JPG	\N	2024-02-28 00:00:00
487	pCloudDrive/Photos/faglar/hjalstaviken-240228/DSC_0433.JPG	\N	2024-02-28 00:00:00
488	pCloudDrive/Photos/faglar/hjalstaviken-240228/DSC_0445.JPG	\N	2024-02-28 00:00:00
489	pCloudDrive/Photos/faglar/hjalstaviken-240228/DSC_0448.JPG	\N	2024-02-28 00:00:00
490	pCloudDrive/Photos/faglar/hjalstaviken-240228/DSC_0450.JPG	\N	2024-02-28 00:00:00
491	pCloudDrive/Photos/faglar/hjalstaviken-240228/DSC_0457.JPG	\N	2024-02-28 00:00:00
492	pCloudDrive/Photos/faglar/hjalstaviken-240228/DSC_0459.JPG	\N	2024-02-28 00:00:00
493	pCloudDrive/Photos/faglar/hjalstaviken-240228/DSC_0468.JPG	\N	2024-02-28 00:00:00
494	pCloudDrive/Photos/faglar/hjalstaviken-240228/DSC_0469.JPG	\N	2024-02-28 00:00:00
495	pCloudDrive/Photos/faglar/hjalstaviken-240228/DSC_0472.JPG	\N	2024-02-28 00:00:00
496	pCloudDrive/Photos/faglar/hjalstaviken-240228/DSC_0475.JPG	\N	2024-02-28 00:00:00
497	pCloudDrive/Photos/faglar/hjalstaviken-240228/DSC_0476.JPG	\N	2024-02-28 00:00:00
498	pCloudDrive/Photos/faglar/hjalstaviken-240228/DSC_0477.JPG	\N	2024-02-28 00:00:00
499	pCloudDrive/Photos/faglar/hjalstaviken-240228/DSC_0480.JPG	\N	2024-02-28 00:00:00
500	pCloudDrive/Photos/faglar/hjalstaviken-240228/DSC_0485.JPG	\N	2024-02-28 00:00:00
501	pCloudDrive/Photos/faglar/hjalstaviken-240228/DSC_0486.JPG	\N	2024-02-28 00:00:00
502	pCloudDrive/Photos/faglar/hjalstaviken-240228/DSC_0487.JPG	\N	2024-02-28 00:00:00
503	pCloudDrive/Photos/faglar/hjalstaviken-240228/DSC_0495.JPG	\N	2024-02-28 00:00:00
504	pCloudDrive/Photos/faglar/hjalstaviken-240228/DSC_0498.JPG	\N	2024-02-28 00:00:00
505	pCloudDrive/Photos/faglar/hjalstaviken-240228/DSC_0499.JPG	\N	2024-02-28 00:00:00
506	pCloudDrive/Photos/faglar/hjalstaviken-240228/DSC_0501.JPG	\N	2024-02-28 00:00:00
507	pCloudDrive/Photos/faglar/hjalstaviken-240228/DSC_0505.JPG	\N	2024-02-28 00:00:00
508	pCloudDrive/Photos/faglar/hjalstaviken-240228/DSC_0509.JPG	\N	2024-02-28 00:00:00
509	pCloudDrive/Photos/faglar/hjalstaviken-240228/DSC_0517.JPG	\N	2024-02-28 00:00:00
510	pCloudDrive/Photos/faglar/hjalstaviken-240228/DSC_0518.JPG	\N	2024-02-28 00:00:00
511	pCloudDrive/Photos/faglar/hjalstaviken-240228/DSC_0519.JPG	\N	2024-02-28 00:00:00
512	pCloudDrive/Photos/faglar/hokuggla-vallentuna-221230/DSC_1771.JPG	\N	2022-12-30 00:00:00
513	pCloudDrive/Photos/faglar/hokuggla-vallentuna-221230/DSC_1772.JPG	\N	2022-12-30 00:00:00
514	pCloudDrive/Photos/faglar/hokuggla-vallentuna-221230/DSC_1773.JPG	\N	2022-12-30 00:00:00
515	pCloudDrive/Photos/faglar/hokuggla-vallentuna-221230/DSC_1774.JPG	\N	2022-12-30 00:00:00
516	pCloudDrive/Photos/faglar/hokuggla-vallentuna-221230/DSC_1775.JPG	\N	2022-12-30 00:00:00
517	pCloudDrive/Photos/faglar/hokuggla-vallentuna-221230/DSC_1776_1.JPG	\N	2022-12-30 00:00:00
518	pCloudDrive/Photos/faglar/hokuggla-vallentuna-221230/DSC_1776.JPG	\N	2022-12-30 00:00:00
519	pCloudDrive/Photos/faglar/hokuggla-vallentuna-221230/DSC_1777.JPG	\N	2022-12-30 00:00:00
520	pCloudDrive/Photos/faglar/hokuggla-vallentuna-221230/DSC_1778.JPG	\N	2022-12-30 00:00:00
521	pCloudDrive/Photos/faglar/hokuggla-vallentuna-221230/DSC_1779.JPG	\N	2022-12-30 00:00:00
522	pCloudDrive/Photos/faglar/hokuggla-vallentuna-221230/DSC_1780.JPG	\N	2022-12-30 00:00:00
523	pCloudDrive/Photos/faglar/hokuggla-vallentuna-221230/DSC_1781.JPG	\N	2022-12-30 00:00:00
524	pCloudDrive/Photos/faglar/hokuggla-vallentuna-221230/DSC_1782.JPG	\N	2022-12-30 00:00:00
525	pCloudDrive/Photos/faglar/hokuggla-vallentuna-221230/DSC_1784.JPG	\N	2022-12-30 00:00:00
526	pCloudDrive/Photos/faglar/hokuggla-vallentuna-221230/DSC_1785_1.JPG	\N	2022-12-30 00:00:00
527	pCloudDrive/Photos/faglar/hokuggla-vallentuna-221230/DSC_1785.JPG	\N	2022-12-30 00:00:00
528	pCloudDrive/Photos/faglar/hokuggla-vallentuna-221230/DSC_1786_1.JPG	\N	2022-12-30 00:00:00
529	pCloudDrive/Photos/faglar/hokuggla-vallentuna-221230/DSC_1786.JPG	\N	2022-12-30 00:00:00
530	pCloudDrive/Photos/faglar/hokuggla-vallentuna-221230/DSC_1787_1.JPG	\N	2022-12-30 00:00:00
531	pCloudDrive/Photos/faglar/hokuggla-vallentuna-221230/DSC_1787.JPG	\N	2022-12-30 00:00:00
532	pCloudDrive/Photos/faglar/hokuggla-vallentuna-221230/DSC_1788_1.JPG	\N	2022-12-30 00:00:00
533	pCloudDrive/Photos/faglar/hokuggla-vallentuna-221230/DSC_1788.JPG	\N	2022-12-30 00:00:00
534	pCloudDrive/Photos/faglar/hokuggla-vallentuna-221230/DSC_1789.JPG	\N	2022-12-30 00:00:00
535	pCloudDrive/Photos/faglar/hokuggla-vallentuna-221230/DSC_1790.JPG	\N	2022-12-30 00:00:00
536	pCloudDrive/Photos/faglar/hokuggla-vallentuna-221230/DSC_1792.JPG	\N	2022-12-30 00:00:00
537	pCloudDrive/Photos/faglar/hokuggla-vallentuna-221230/DSC_1793.JPG	\N	2022-12-30 00:00:00
538	pCloudDrive/Photos/faglar/isbladskarret-240126/DSC_0175.JPG	\N	2024-01-26 00:00:00
539	pCloudDrive/Photos/faglar/isbladskarret-240126/DSC_0177.JPG	\N	2024-01-26 00:00:00
540	pCloudDrive/Photos/faglar/isbladskarret-240126/DSC_0178.JPG	\N	2024-01-26 00:00:00
541	pCloudDrive/Photos/faglar/isbladskarret-240126/DSC_0181.JPG	\N	2024-01-26 00:00:00
542	pCloudDrive/Photos/faglar/isbladskarret-240126/DSC_0184.JPG	\N	2024-01-26 00:00:00
543	pCloudDrive/Photos/faglar/isbladskarret-240126/DSC_0186.JPG	\N	2024-01-26 00:00:00
544	pCloudDrive/Photos/faglar/isbladskarret-240126/DSC_0187.JPG	\N	2024-01-26 00:00:00
545	pCloudDrive/Photos/faglar/isbladskarret-240126/DSC_0188.JPG	\N	2024-01-26 00:00:00
546	pCloudDrive/Photos/faglar/isbladskarret-240126/DSC_0189.JPG	\N	2024-01-26 00:00:00
547	pCloudDrive/Photos/faglar/isbladskarret-240126/DSC_0190.JPG	\N	2024-01-26 00:00:00
548	pCloudDrive/Photos/faglar/isbladskarret-240126/DSC_0195.JPG	\N	2024-01-26 00:00:00
549	pCloudDrive/Photos/faglar/isbladskarret-240126/DSC_0197.JPG	\N	2024-01-26 00:00:00
550	pCloudDrive/Photos/faglar/johannisberg-230518/DSC_0489.JPG	\N	2023-05-18 00:00:00
551	pCloudDrive/Photos/faglar/johannisberg-230518/DSC_0491.JPG	\N	2023-05-18 00:00:00
552	pCloudDrive/Photos/faglar/johannisberg-230518/DSC_0493.JPG	\N	2023-05-18 00:00:00
553	pCloudDrive/Photos/faglar/johannisberg-230518/DSC_0496.JPG	\N	2023-05-18 00:00:00
554	pCloudDrive/Photos/faglar/johannisberg-230518/DSC_0504.JPG	\N	2023-05-18 00:00:00
555	pCloudDrive/Photos/faglar/johannisberg-230518/DSC_0505.JPG	\N	2023-05-18 00:00:00
556	pCloudDrive/Photos/faglar/johannisberg-230518/DSC_0506.JPG	\N	2023-05-18 00:00:00
557	pCloudDrive/Photos/faglar/johannisberg-230518/DSC_0508.JPG	\N	2023-05-18 00:00:00
558	pCloudDrive/Photos/faglar/johannisberg-230518/DSC_0516.JPG	\N	2023-05-18 00:00:00
559	pCloudDrive/Photos/faglar/johannisberg-230518/DSC_0518.JPG	\N	2023-05-18 00:00:00
560	pCloudDrive/Photos/faglar/johannisberg-230518/DSC_0539.JPG	\N	2023-05-18 00:00:00
561	pCloudDrive/Photos/faglar/johannisberg-230518/DSC_0542.JPG	\N	2023-05-18 00:00:00
562	pCloudDrive/Photos/faglar/johannisberg-230518/DSC_0543.JPG	\N	2023-05-18 00:00:00
563	pCloudDrive/Photos/faglar/johannisberg-230518/DSC_0544.JPG	\N	2023-05-18 00:00:00
564	pCloudDrive/Photos/faglar/johannisberg-230518/DSC_0545.JPG	\N	2023-05-18 00:00:00
565	pCloudDrive/Photos/faglar/johannisberg-230518/DSC_0546.JPG	\N	2023-05-18 00:00:00
566	pCloudDrive/Photos/faglar/johannisberg-230518/DSC_0548.JPG	\N	2023-05-18 00:00:00
567	pCloudDrive/Photos/faglar/johannisberg-230518/DSC_0553.JPG	\N	2023-05-18 00:00:00
568	pCloudDrive/Photos/faglar/johannisberg-230518/DSC_0554.JPG	\N	2023-05-18 00:00:00
569	pCloudDrive/Photos/faglar/johannisberg-230518/DSC_0555.JPG	\N	2023-05-18 00:00:00
570	pCloudDrive/Photos/faglar/johannisberg-230518/DSC_0559.JPG	\N	2023-05-18 00:00:00
571	pCloudDrive/Photos/faglar/johannisberg-230518/DSC_0560.JPG	\N	2023-05-18 00:00:00
572	pCloudDrive/Photos/faglar/johannisberg-230518/DSC_0562.JPG	\N	2023-05-18 00:00:00
573	pCloudDrive/Photos/faglar/johannisberg-230518/DSC_0568.JPG	\N	2023-05-18 00:00:00
574	pCloudDrive/Photos/faglar/johannisberg-230518/DSC_0569.JPG	\N	2023-05-18 00:00:00
575	pCloudDrive/Photos/faglar/johannisberg-230518/DSC_0570.JPG	\N	2023-05-18 00:00:00
576	pCloudDrive/Photos/faglar/johannisberg-230518/DSC_0573.JPG	\N	2023-05-18 00:00:00
577	pCloudDrive/Photos/faglar/johannisberg-230518/DSC_0580.JPG	\N	2023-05-18 00:00:00
578	pCloudDrive/Photos/faglar/johannisberg-230518/DSC_0581.JPG	\N	2023-05-18 00:00:00
579	pCloudDrive/Photos/faglar/johannisberg-230518/DSC_0590.JPG	\N	2023-05-18 00:00:00
580	pCloudDrive/Photos/faglar/johannisberg-230518/DSC_0596.JPG	\N	2023-05-18 00:00:00
581	pCloudDrive/Photos/faglar/johannisberg-230518/DSC_0597.JPG	\N	2023-05-18 00:00:00
582	pCloudDrive/Photos/faglar/johannisberg-230518/DSC_0599.JPG	\N	2023-05-18 00:00:00
583	pCloudDrive/Photos/faglar/johannisberg-230518/DSC_0600.JPG	\N	2023-05-18 00:00:00
584	pCloudDrive/Photos/faglar/johannisberg-230518/DSC_0601.JPG	\N	2023-05-18 00:00:00
585	pCloudDrive/Photos/faglar/johannisberg-230518/DSC_0602.JPG	\N	2023-05-18 00:00:00
586	pCloudDrive/Photos/faglar/johannisberg-230518/DSC_0603.JPG	\N	2023-05-18 00:00:00
587	pCloudDrive/Photos/faglar/johannisberg-230518/DSC_0604.JPG	\N	2023-05-18 00:00:00
588	pCloudDrive/Photos/faglar/johannisberg-230518/DSC_0606.JPG	\N	2023-05-18 00:00:00
589	pCloudDrive/Photos/faglar/johannisberg-230518/DSC_0607.JPG	\N	2023-05-18 00:00:00
590	pCloudDrive/Photos/faglar/johannisberg-230518/DSC_0608.JPG	\N	2023-05-18 00:00:00
591	pCloudDrive/Photos/faglar/johannisberg-230518/DSC_0610.JPG	\N	2023-05-18 00:00:00
592	pCloudDrive/Photos/faglar/johannisberg-230518/DSC_0611.JPG	\N	2023-05-18 00:00:00
593	pCloudDrive/Photos/faglar/johannisberg-230518/DSC_0612.JPG	\N	2023-05-18 00:00:00
594	pCloudDrive/Photos/faglar/johannisberg-230518/DSC_0614.JPG	\N	2023-05-18 00:00:00
595	pCloudDrive/Photos/faglar/johannisberg-230518/DSC_0615.JPG	\N	2023-05-18 00:00:00
596	pCloudDrive/Photos/faglar/johannisberg-230518/DSC_0617.JPG	\N	2023-05-18 00:00:00
597	pCloudDrive/Photos/faglar/johannisberg-230518/DSC_0618.JPG	\N	2023-05-18 00:00:00
598	pCloudDrive/Photos/faglar/johannisberg-230518/DSC_0619.JPG	\N	2023-05-18 00:00:00
599	pCloudDrive/Photos/faglar/johannisberg-230518/DSC_0620.JPG	\N	2023-05-18 00:00:00
600	pCloudDrive/Photos/faglar/johannisberg-230518/DSC_0623.JPG	\N	2023-05-18 00:00:00
601	pCloudDrive/Photos/faglar/johannisberg-230518/DSC_0624.JPG	\N	2023-05-18 00:00:00
602	pCloudDrive/Photos/faglar/johannisberg-230518/DSC_0634.JPG	\N	2023-05-18 00:00:00
603	pCloudDrive/Photos/faglar/johannisberg-230518/DSC_0640.JPG	\N	2023-05-18 00:00:00
604	pCloudDrive/Photos/faglar/johannisberg-230518/DSC_0643.JPG	\N	2023-05-18 00:00:00
605	pCloudDrive/Photos/faglar/johannisberg-230518/DSC_0644.JPG	\N	2023-05-18 00:00:00
606	pCloudDrive/Photos/faglar/johannisberg-230518/DSC_0646.JPG	\N	2023-05-18 00:00:00
607	pCloudDrive/Photos/faglar/johannisberg-230518/DSC_0647.JPG	\N	2023-05-18 00:00:00
608	pCloudDrive/Photos/faglar/johannisberg-230518/DSC_0648.JPG	\N	2023-05-18 00:00:00
609	pCloudDrive/Photos/faglar/johannisberg-230518/DSC_0651.JPG	\N	2023-05-18 00:00:00
610	pCloudDrive/Photos/faglar/johannisberg-230518/DSC_0654.JPG	\N	2023-05-18 00:00:00
611	pCloudDrive/Photos/faglar/johannisberg-230518/DSC_0656.JPG	\N	2023-05-18 00:00:00
612	pCloudDrive/Photos/faglar/johannisberg-230518/DSC_0658.JPG	\N	2023-05-18 00:00:00
613	pCloudDrive/Photos/faglar/kasp-trut-skeppsbron-230226/grå1.JPG	\N	2023-02-26 00:00:00
614	pCloudDrive/Photos/faglar/kasp-trut-skeppsbron-230226/grå2.JPG	\N	2023-02-26 00:00:00
615	pCloudDrive/Photos/faglar/kasp-trut-skeppsbron-230226/grå3.JPG	\N	2023-02-26 00:00:00
616	pCloudDrive/Photos/faglar/kasp-trut-skeppsbron-230226/grå4.JPG	\N	2023-02-26 00:00:00
617	pCloudDrive/Photos/faglar/kasp-trut-skeppsbron-230226/grå5.JPG	\N	2023-02-26 00:00:00
618	pCloudDrive/Photos/faglar/kasp-trut-skeppsbron-230226/grå6.JPG	\N	2023-02-26 00:00:00
619	pCloudDrive/Photos/faglar/kasp-trut-skeppsbron-230226/grå7.JPG	\N	2023-02-26 00:00:00
620	pCloudDrive/Photos/faglar/kasp-trut-skeppsbron-230226/kasp1.JPG	\N	2023-02-26 00:00:00
621	pCloudDrive/Photos/faglar/kasp-trut-skeppsbron-230226/kasp2.JPG	\N	2023-02-26 00:00:00
622	pCloudDrive/Photos/faglar/kasp-trut-skeppsbron-230226/kasp3.JPG	\N	2023-02-26 00:00:00
623	pCloudDrive/Photos/faglar/kasp-trut-skeppsbron-230226/kasp4.JPG	\N	2023-02-26 00:00:00
624	pCloudDrive/Photos/faglar/knuthojdsmossen-230520/DSC_0691.JPG	\N	2023-05-20 00:00:00
625	pCloudDrive/Photos/faglar/knuthojdsmossen-230520/DSC_0696.JPG	\N	2023-05-20 00:00:00
626	pCloudDrive/Photos/faglar/knuthojdsmossen-230520/DSC_0697.JPG	\N	2023-05-20 00:00:00
627	pCloudDrive/Photos/faglar/knuthojdsmossen-230520/DSC_0698.JPG	\N	2023-05-20 00:00:00
628	pCloudDrive/Photos/faglar/knuthojdsmossen-230520/DSC_0699.JPG	\N	2023-05-20 00:00:00
629	pCloudDrive/Photos/faglar/knuthojdsmossen-230520/DSC_0700.JPG	\N	2023-05-20 00:00:00
630	pCloudDrive/Photos/faglar/knuthojdsmossen-230520/DSC_0707.JPG	\N	2023-05-20 00:00:00
631	pCloudDrive/Photos/faglar/knuthojdsmossen-230520/DSC_0708.JPG	\N	2023-05-20 00:00:00
632	pCloudDrive/Photos/faglar/knuthojdsmossen-230520/DSC_0709.JPG	\N	2023-05-20 00:00:00
633	pCloudDrive/Photos/faglar/knuthojdsmossen-230520/DSC_0711.JPG	\N	2023-05-20 00:00:00
634	pCloudDrive/Photos/faglar/knuthojdsmossen-230520/DSC_0713.JPG	\N	2023-05-20 00:00:00
635	pCloudDrive/Photos/faglar/knuthojdsmossen-230520/DSC_0714.JPG	\N	2023-05-20 00:00:00
636	pCloudDrive/Photos/faglar/knuthojdsmossen-230520/DSC_0718.JPG	\N	2023-05-20 00:00:00
637	pCloudDrive/Photos/faglar/knuthojdsmossen-230520/DSC_0719.JPG	\N	2023-05-20 00:00:00
638	pCloudDrive/Photos/faglar/knuthojdsmossen-230520/DSC_0720.JPG	\N	2023-05-20 00:00:00
639	pCloudDrive/Photos/faglar/knuthojdsmossen-230520/DSC_0722.JPG	\N	2023-05-20 00:00:00
640	pCloudDrive/Photos/faglar/knuthojdsmossen-230520/DSC_0766.JPG	\N	2023-05-20 00:00:00
641	pCloudDrive/Photos/faglar/knuthojdsmossen-230520/DSC_0767.JPG	\N	2023-05-20 00:00:00
642	pCloudDrive/Photos/faglar/knuthojdsmossen-230520/DSC_0770.JPG	\N	2023-05-20 00:00:00
643	pCloudDrive/Photos/faglar/knuthojdsmossen-230520/DSC_0771.JPG	\N	2023-05-20 00:00:00
644	pCloudDrive/Photos/faglar/knuthojdsmossen-230520/DSC_0778.JPG	\N	2023-05-20 00:00:00
645	pCloudDrive/Photos/faglar/knuthojdsmossen-230520/DSC_0779.JPG	\N	2023-05-20 00:00:00
646	pCloudDrive/Photos/faglar/knuthojdsmossen-230520/DSC_0782.JPG	\N	2023-05-20 00:00:00
647	pCloudDrive/Photos/faglar/knuthojdsmossen-230520/DSC_0797.JPG	\N	2023-05-20 00:00:00
648	pCloudDrive/Photos/faglar/knuthojdsmossen-230520/DSC_0798.JPG	\N	2023-05-20 00:00:00
649	pCloudDrive/Photos/faglar/knuthojdsmossen-230520/DSC_0801.JPG	\N	2023-05-20 00:00:00
650	pCloudDrive/Photos/faglar/knuthojdsmossen-230520/DSC_0807.JPG	\N	2023-05-20 00:00:00
651	pCloudDrive/Photos/faglar/knuthojdsmossen-230520/DSC_0818.JPG	\N	2023-05-20 00:00:00
652	pCloudDrive/Photos/faglar/knuthojdsmossen-230520/DSC_0820.JPG	\N	2023-05-20 00:00:00
653	pCloudDrive/Photos/faglar/knuthojdsmossen-230520/DSC_0821.JPG	\N	2023-05-20 00:00:00
654	pCloudDrive/Photos/faglar/knuthojdsmossen-230520/DSC_0822_1.JPG	\N	2023-05-20 00:00:00
655	pCloudDrive/Photos/faglar/knuthojdsmossen-230520/DSC_0827.JPG	\N	2023-05-20 00:00:00
656	pCloudDrive/Photos/faglar/knuthojdsmossen-230520/DSC_0829.JPG	\N	2023-05-20 00:00:00
657	pCloudDrive/Photos/faglar/knuthojdsmossen-230520/DSC_0830.JPG	\N	2023-05-20 00:00:00
658	pCloudDrive/Photos/faglar/knuthojdsmossen-230520/DSC_0832.JPG	\N	2023-05-20 00:00:00
659	pCloudDrive/Photos/faglar/knuthojdsmossen-230520/DSC_0834.JPG	\N	2023-05-20 00:00:00
660	pCloudDrive/Photos/faglar/knuthojdsmossen-230520/DSC_0838.JPG	\N	2023-05-20 00:00:00
661	pCloudDrive/Photos/faglar/knuthojdsmossen-230520/DSC_0842.JPG	\N	2023-05-20 00:00:00
662	pCloudDrive/Photos/faglar/knuthojdsmossen-230520/DSC_0843.JPG	\N	2023-05-20 00:00:00
663	pCloudDrive/Photos/faglar/knuthojdsmossen-230520/DSC_0845.JPG	\N	2023-05-20 00:00:00
664	pCloudDrive/Photos/faglar/knuthojdsmossen-230520/DSC_0850.JPG	\N	2023-05-20 00:00:00
665	pCloudDrive/Photos/faglar/knuthojdsmossen-230520/DSC_0851.JPG	\N	2023-05-20 00:00:00
666	pCloudDrive/Photos/faglar/knuthojdsmossen-230520/DSC_0854.JPG	\N	2023-05-20 00:00:00
667	pCloudDrive/Photos/faglar/knuthojdsmossen-230520/DSC_0855.JPG	\N	2023-05-20 00:00:00
668	pCloudDrive/Photos/faglar/knuthojdsmossen-230520/DSC_0877.JPG	\N	2023-05-20 00:00:00
669	pCloudDrive/Photos/faglar/knuthojdsmossen-230520/sv-flugsnapp-fixad.jpg	\N	2023-05-20 00:00:00
670	pCloudDrive/Photos/faglar/ledskar-230727/DSC_0339.JPG	\N	2023-07-27 00:00:00
671	pCloudDrive/Photos/faglar/ledskar-230727/DSC_0340.JPG	\N	2023-07-27 00:00:00
672	pCloudDrive/Photos/faglar/ledskar-230727/DSC_0354.JPG	\N	2023-07-27 00:00:00
673	pCloudDrive/Photos/faglar/ledskar-230727/DSC_0359.JPG	\N	2023-07-27 00:00:00
674	pCloudDrive/Photos/faglar/ledskar-230727/DSC_0365.JPG	\N	2023-07-27 00:00:00
675	pCloudDrive/Photos/faglar/ledskar-230727/DSC_0368.JPG	\N	2023-07-27 00:00:00
676	pCloudDrive/Photos/faglar/ledskar-230727/DSC_0407.JPG	\N	2023-07-27 00:00:00
677	pCloudDrive/Photos/faglar/ledskar-230727/DSC_0408.JPG	\N	2023-07-27 00:00:00
678	pCloudDrive/Photos/faglar/ledskar-230727/DSC_0419.JPG	\N	2023-07-27 00:00:00
679	pCloudDrive/Photos/faglar/ledskar-230727/DSC_0420.JPG	\N	2023-07-27 00:00:00
680	pCloudDrive/Photos/faglar/ledskar-230727/DSC_0432.JPG	\N	2023-07-27 00:00:00
681	pCloudDrive/Photos/faglar/ledskar-230727/DSC_0433.JPG	\N	2023-07-27 00:00:00
682	pCloudDrive/Photos/faglar/ledskar-230727/DSC_0434.JPG	\N	2023-07-27 00:00:00
683	pCloudDrive/Photos/faglar/lovon-230101/DSC_1794.JPG	\N	2023-01-01 00:00:00
684	pCloudDrive/Photos/faglar/lovon-230101/DSC_1795.JPG	\N	2023-01-01 00:00:00
685	pCloudDrive/Photos/faglar/lovon-230101/DSC_1796.JPG	\N	2023-01-01 00:00:00
686	pCloudDrive/Photos/faglar/lovon-230101/DSC_1797.JPG	\N	2023-01-01 00:00:00
687	pCloudDrive/Photos/faglar/lovon-230101/DSC_1798.JPG	\N	2023-01-01 00:00:00
688	pCloudDrive/Photos/faglar/lovon-230101/DSC_1799.JPG	\N	2023-01-01 00:00:00
689	pCloudDrive/Photos/faglar/lovon-230101/DSC_1800.JPG	\N	2023-01-01 00:00:00
690	pCloudDrive/Photos/faglar/lovon-230101/DSC_1801.JPG	\N	2023-01-01 00:00:00
691	pCloudDrive/Photos/faglar/lovon-230101/DSC_1802.JPG	\N	2023-01-01 00:00:00
692	pCloudDrive/Photos/faglar/lovon-230101/DSC_1803.JPG	\N	2023-01-01 00:00:00
693	pCloudDrive/Photos/faglar/lovon-230101/DSC_1804.JPG	\N	2023-01-01 00:00:00
694	pCloudDrive/Photos/faglar/lovon-230101/DSC_1805.JPG	\N	2023-01-01 00:00:00
695	pCloudDrive/Photos/faglar/lovon-230101/DSC_1806.JPG	\N	2023-01-01 00:00:00
696	pCloudDrive/Photos/faglar/lovon-230101/DSC_1807.JPG	\N	2023-01-01 00:00:00
697	pCloudDrive/Photos/faglar/lovstaslatten-240220/DSC_0429.JPG	\N	2024-02-20 00:00:00
698	pCloudDrive/Photos/faglar/lovstaslatten-240220/DSC_0432.JPG	\N	2024-02-20 00:00:00
699	pCloudDrive/Photos/faglar/lovstaslatten-240220/DSC_0433.JPG	\N	2024-02-20 00:00:00
700	pCloudDrive/Photos/faglar/lovstaslatten-240220/DSC_0434.JPG	\N	2024-02-20 00:00:00
701	pCloudDrive/Photos/faglar/lovstaslatten-240220/DSC_0435.JPG	\N	2024-02-20 00:00:00
702	pCloudDrive/Photos/faglar/lovstaslatten-240220/DSC_0436.JPG	\N	2024-02-20 00:00:00
703	pCloudDrive/Photos/faglar/lovstaslatten-240220/DSC_0438.JPG	\N	2024-02-20 00:00:00
704	pCloudDrive/Photos/faglar/maglarp-240616/DSC_0936.JPG	\N	2024-06-16 00:00:00
705	pCloudDrive/Photos/faglar/maglarp-240616/DSC_0937.JPG	\N	2024-06-16 00:00:00
706	pCloudDrive/Photos/faglar/maglarp-240616/DSC_0938.JPG	\N	2024-06-16 00:00:00
707	pCloudDrive/Photos/faglar/maglarp-240616/DSC_0940.JPG	\N	2024-06-16 00:00:00
708	pCloudDrive/Photos/faglar/maglarp-240616/DSC_0944.JPG	\N	2024-06-16 00:00:00
709	pCloudDrive/Photos/faglar/maglarp-240616/DSC_0945.JPG	\N	2024-06-16 00:00:00
710	pCloudDrive/Photos/faglar/maglarp-240616/DSC_0946.JPG	\N	2024-06-16 00:00:00
711	pCloudDrive/Photos/faglar/maglarp-240616/DSC_0947.JPG	\N	2024-06-16 00:00:00
712	pCloudDrive/Photos/faglar/maglarp-240616/DSC_0948.JPG	\N	2024-06-16 00:00:00
713	pCloudDrive/Photos/faglar/maglarp-240616/DSC_0949.JPG	\N	2024-06-16 00:00:00
714	pCloudDrive/Photos/faglar/maglarp-240616/DSC_0950.JPG	\N	2024-06-16 00:00:00
715	pCloudDrive/Photos/faglar/maglarp-240616/DSC_0952.JPG	\N	2024-06-16 00:00:00
716	pCloudDrive/Photos/faglar/maglarp-240616/DSC_0953.JPG	\N	2024-06-16 00:00:00
717	pCloudDrive/Photos/faglar/maglarp-240616/DSC_0954.JPG	\N	2024-06-16 00:00:00
718	pCloudDrive/Photos/faglar/maglarp-240616/DSC_0955.JPG	\N	2024-06-16 00:00:00
719	pCloudDrive/Photos/faglar/maglarp-240616/DSC_0956.JPG	\N	2024-06-16 00:00:00
720	pCloudDrive/Photos/faglar/maglarp-240616/DSC_0957.JPG	\N	2024-06-16 00:00:00
721	pCloudDrive/Photos/faglar/mandarinand-tanto-230219/DSC_0063_1.JPG	\N	2023-02-19 00:00:00
722	pCloudDrive/Photos/faglar/mandarinand-tanto-230219/DSC_0064_2.JPG	\N	2023-02-19 00:00:00
723	pCloudDrive/Photos/faglar/mandarinand-tanto-230219/DSC_0065_2.JPG	\N	2023-02-19 00:00:00
724	pCloudDrive/Photos/faglar/mandarinand-tanto-230219/DSC_0066_2.JPG	\N	2023-02-19 00:00:00
725	pCloudDrive/Photos/faglar/mandarinand-tanto-230219/DSC_0067_2.JPG	\N	2023-02-19 00:00:00
726	pCloudDrive/Photos/faglar/mandarinand-tanto-230219/DSC_0068_1.JPG	\N	2023-02-19 00:00:00
727	pCloudDrive/Photos/faglar/mandarinand-tanto-230219/DSC_0069_1.JPG	\N	2023-02-19 00:00:00
728	pCloudDrive/Photos/faglar/mandarinand-tanto-230219/DSC_0071_1.JPG	\N	2023-02-19 00:00:00
729	pCloudDrive/Photos/faglar/mandarinand-tanto-230219/DSC_0072_2.JPG	\N	2023-02-19 00:00:00
730	pCloudDrive/Photos/faglar/mandarinand-tanto-230219/DSC_0073_2.JPG	\N	2023-02-19 00:00:00
731	pCloudDrive/Photos/faglar/mandarinand-tanto-230219/DSC_0074_2.JPG	\N	2023-02-19 00:00:00
732	pCloudDrive/Photos/faglar/mandarinand-tanto-230219/DSC_0075_2.JPG	\N	2023-02-19 00:00:00
733	pCloudDrive/Photos/faglar/mandarinand-tanto-230219/DSC_0076_2.JPG	\N	2023-02-19 00:00:00
734	pCloudDrive/Photos/faglar/mandarinand-tanto-230219/DSC_0077_2.JPG	\N	2023-02-19 00:00:00
735	pCloudDrive/Photos/faglar/mandarinand-tanto-230219/DSC_0078_2.JPG	\N	2023-02-19 00:00:00
736	pCloudDrive/Photos/faglar/mandarinand-tanto-230219/DSC_0079_2.JPG	\N	2023-02-19 00:00:00
737	pCloudDrive/Photos/faglar/mandarinand-tanto-230219/DSC_0080_2.JPG	\N	2023-02-19 00:00:00
738	pCloudDrive/Photos/faglar/mandarinand-tanto-230219/DSC_0081_2.JPG	\N	2023-02-19 00:00:00
739	pCloudDrive/Photos/faglar/mandarinand-tanto-230219/DSC_0082_2.JPG	\N	2023-02-19 00:00:00
740	pCloudDrive/Photos/faglar/mandarinand-tanto-230219/DSC_0083_2.JPG	\N	2023-02-19 00:00:00
741	pCloudDrive/Photos/faglar/mandarinand-tanto-230219/DSC_0084_2.JPG	\N	2023-02-19 00:00:00
742	pCloudDrive/Photos/faglar/mandarinand-tanto-230219/DSC_0085_2.JPG	\N	2023-02-19 00:00:00
743	pCloudDrive/Photos/faglar/mandarinand-tanto-230219/DSC_0086_2.JPG	\N	2023-02-19 00:00:00
744	pCloudDrive/Photos/faglar/oland-dag1-240414/DSC_0459.JPG	\N	2024-04-14 00:00:00
745	pCloudDrive/Photos/faglar/oland-dag1-240414/DSC_0462.JPG	\N	2024-04-14 00:00:00
746	pCloudDrive/Photos/faglar/oland-dag1-240414/DSC_0477.JPG	\N	2024-04-14 00:00:00
747	pCloudDrive/Photos/faglar/oland-dag1-240414/DSC_0479.JPG	\N	2024-04-14 00:00:00
748	pCloudDrive/Photos/faglar/oland-dag1-240414/DSC_0480.JPG	\N	2024-04-14 00:00:00
749	pCloudDrive/Photos/faglar/oland-dag1-240414/DSC_0489.JPG	\N	2024-04-14 00:00:00
750	pCloudDrive/Photos/faglar/oland-dag1-240414/DSC_0490.JPG	\N	2024-04-14 00:00:00
751	pCloudDrive/Photos/faglar/oland-dag1-240414/DSC_0514.JPG	\N	2024-04-14 00:00:00
752	pCloudDrive/Photos/faglar/oland-dag1-240414/DSC_0517.JPG	\N	2024-04-14 00:00:00
753	pCloudDrive/Photos/faglar/oland-dag1-240414/DSC_0518.JPG	\N	2024-04-14 00:00:00
754	pCloudDrive/Photos/faglar/oland-dag1-240414/DSC_0519.JPG	\N	2024-04-14 00:00:00
755	pCloudDrive/Photos/faglar/oland-dag1-240414/DSC_0525.JPG	\N	2024-04-14 00:00:00
756	pCloudDrive/Photos/faglar/oland-dag1-240414/DSC_0527.JPG	\N	2024-04-14 00:00:00
757	pCloudDrive/Photos/faglar/oland-dag1-240414/DSC_0528.JPG	\N	2024-04-14 00:00:00
758	pCloudDrive/Photos/faglar/oland-dag1-240414/DSC_0540.JPG	\N	2024-04-14 00:00:00
759	pCloudDrive/Photos/faglar/oland-dag1-240414/DSC_0556.JPG	\N	2024-04-14 00:00:00
760	pCloudDrive/Photos/faglar/oland-dag1-240414/DSC_0560.JPG	\N	2024-04-14 00:00:00
761	pCloudDrive/Photos/faglar/oland-dag1-240414/DSC_0569.JPG	\N	2024-04-14 00:00:00
762	pCloudDrive/Photos/faglar/oland-dag1-240414/DSC_0570.JPG	\N	2024-04-14 00:00:00
763	pCloudDrive/Photos/faglar/oland-dag1-240414/DSC_0572.JPG	\N	2024-04-14 00:00:00
764	pCloudDrive/Photos/faglar/oland-dag1-240414/DSC_0573.JPG	\N	2024-04-14 00:00:00
765	pCloudDrive/Photos/faglar/oland-dag1-240414/DSC_0575.JPG	\N	2024-04-14 00:00:00
766	pCloudDrive/Photos/faglar/oland-dag1-240414/DSC_0576.JPG	\N	2024-04-14 00:00:00
767	pCloudDrive/Photos/faglar/oland-dag2-240415/alfagel-fixad.JPG	\N	2024-04-15 00:00:00
768	pCloudDrive/Photos/faglar/oland-dag2-240415/DSC_0458.JPG	\N	2024-04-15 00:00:00
769	pCloudDrive/Photos/faglar/oland-dag2-240415/DSC_0459.JPG	\N	2024-04-15 00:00:00
770	pCloudDrive/Photos/faglar/oland-dag2-240415/DSC_0460.JPG	\N	2024-04-15 00:00:00
771	pCloudDrive/Photos/faglar/oland-dag2-240415/DSC_0461.JPG	\N	2024-04-15 00:00:00
772	pCloudDrive/Photos/faglar/oland-dag2-240415/DSC_0462.JPG	\N	2024-04-15 00:00:00
773	pCloudDrive/Photos/faglar/oland-dag2-240415/DSC_0484.JPG	\N	2024-04-15 00:00:00
774	pCloudDrive/Photos/faglar/oland-dag2-240415/DSC_0485.JPG	\N	2024-04-15 00:00:00
775	pCloudDrive/Photos/faglar/oland-dag2-240415/DSC_0500.JPG	\N	2024-04-15 00:00:00
776	pCloudDrive/Photos/faglar/oland-dag2-240415/DSC_0502.JPG	\N	2024-04-15 00:00:00
777	pCloudDrive/Photos/faglar/oland-dag2-240415/DSC_0504.JPG	\N	2024-04-15 00:00:00
778	pCloudDrive/Photos/faglar/oland-dag2-240415/DSC_0506.JPG	\N	2024-04-15 00:00:00
779	pCloudDrive/Photos/faglar/oland-dag2-240415/DSC_0507.JPG	\N	2024-04-15 00:00:00
780	pCloudDrive/Photos/faglar/oland-dag2-240415/DSC_0509.JPG	\N	2024-04-15 00:00:00
781	pCloudDrive/Photos/faglar/oland-dag2-240415/DSC_0516.JPG	\N	2024-04-15 00:00:00
782	pCloudDrive/Photos/faglar/oland-dag2-240415/DSC_0521.JPG	\N	2024-04-15 00:00:00
783	pCloudDrive/Photos/faglar/oland-dag2-240415/DSC_0541.JPG	\N	2024-04-15 00:00:00
784	pCloudDrive/Photos/faglar/oland-dag2-240415/DSC_0547.JPG	\N	2024-04-15 00:00:00
785	pCloudDrive/Photos/faglar/oland-dag2-240415/DSC_0569.JPG	\N	2024-04-15 00:00:00
786	pCloudDrive/Photos/faglar/oland-dag2-240415/DSC_0570.JPG	\N	2024-04-15 00:00:00
787	pCloudDrive/Photos/faglar/oland-dag2-240415/DSC_0572.JPG	\N	2024-04-15 00:00:00
788	pCloudDrive/Photos/faglar/oland-dag2-240415/DSC_0574.JPG	\N	2024-04-15 00:00:00
789	pCloudDrive/Photos/faglar/oland-dag2-240415/DSC_0575.JPG	\N	2024-04-15 00:00:00
790	pCloudDrive/Photos/faglar/oland-dag2-240415/DSC_0583.JPG	\N	2024-04-15 00:00:00
791	pCloudDrive/Photos/faglar/oland-dag2-240415/DSC_0587.JPG	\N	2024-04-15 00:00:00
792	pCloudDrive/Photos/faglar/oland-dag2-240415/DSC_0590.JPG	\N	2024-04-15 00:00:00
793	pCloudDrive/Photos/faglar/oland-dag2-240415/DSC_0591.JPG	\N	2024-04-15 00:00:00
794	pCloudDrive/Photos/faglar/oland-dag2-240415/DSC_0597.JPG	\N	2024-04-15 00:00:00
795	pCloudDrive/Photos/faglar/oland-dag2-240415/DSC_0612.JPG	\N	2024-04-15 00:00:00
796	pCloudDrive/Photos/faglar/oland-dag2-240415/DSC_0615.JPG	\N	2024-04-15 00:00:00
797	pCloudDrive/Photos/faglar/oland-dag2-240415/DSC_0616.JPG	\N	2024-04-15 00:00:00
798	pCloudDrive/Photos/faglar/oland-dag2-240415/DSC_0619.JPG	\N	2024-04-15 00:00:00
799	pCloudDrive/Photos/faglar/oland-dag2-240415/DSC_0622.JPG	\N	2024-04-15 00:00:00
800	pCloudDrive/Photos/faglar/oland-dag2-240415/DSC_0623.JPG	\N	2024-04-15 00:00:00
801	pCloudDrive/Photos/faglar/oland-dag2-240415/DSC_0655.JPG	\N	2024-04-15 00:00:00
802	pCloudDrive/Photos/faglar/oland-dag2-240415/DSC_0659.JPG	\N	2024-04-15 00:00:00
803	pCloudDrive/Photos/faglar/oland-dag2-240415/DSC_0663.JPG	\N	2024-04-15 00:00:00
804	pCloudDrive/Photos/faglar/oland-dag2-240415/DSC_0665.JPG	\N	2024-04-15 00:00:00
805	pCloudDrive/Photos/faglar/oland-dag2-240415/DSC_0666.JPG	\N	2024-04-15 00:00:00
806	pCloudDrive/Photos/faglar/oland-dag2-240415/DSC_0668.JPG	\N	2024-04-15 00:00:00
807	pCloudDrive/Photos/faglar/oland-dag2-240415/DSC_0670.JPG	\N	2024-04-15 00:00:00
808	pCloudDrive/Photos/faglar/oland-dag2-240415/DSC_0678.JPG	\N	2024-04-15 00:00:00
809	pCloudDrive/Photos/faglar/oland-dag2-240415/DSC_0680.JPG	\N	2024-04-15 00:00:00
810	pCloudDrive/Photos/faglar/oland-dag2-240415/DSC_0686.JPG	\N	2024-04-15 00:00:00
811	pCloudDrive/Photos/faglar/oland-dag2-240415/DSC_0687.JPG	\N	2024-04-15 00:00:00
812	pCloudDrive/Photos/faglar/oland-dag2-240415/DSC_0688.JPG	\N	2024-04-15 00:00:00
813	pCloudDrive/Photos/faglar/oland-dag2-240415/DSC_0689.JPG	\N	2024-04-15 00:00:00
814	pCloudDrive/Photos/faglar/oland-dag2-240415/DSC_0690.JPG	\N	2024-04-15 00:00:00
815	pCloudDrive/Photos/faglar/oland-dag2-240415/DSC_0691.JPG	\N	2024-04-15 00:00:00
816	pCloudDrive/Photos/faglar/oland-dag2-240415/DSC_0695.JPG	\N	2024-04-15 00:00:00
817	pCloudDrive/Photos/faglar/oland-dag2-240415/DSC_0740.JPG	\N	2024-04-15 00:00:00
818	pCloudDrive/Photos/faglar/oland-dag2-240415/DSC_0741.JPG	\N	2024-04-15 00:00:00
819	pCloudDrive/Photos/faglar/oland-dag2-240415/DSC_0742.JPG	\N	2024-04-15 00:00:00
820	pCloudDrive/Photos/faglar/oland-dag2-240415/DSC_0745.JPG	\N	2024-04-15 00:00:00
821	pCloudDrive/Photos/faglar/oland-dag2-240415/DSC_0756.JPG	\N	2024-04-15 00:00:00
822	pCloudDrive/Photos/faglar/oland-dag2-240415/DSC_0757.JPG	\N	2024-04-15 00:00:00
823	pCloudDrive/Photos/faglar/oland-dag2-240415/DSC_0762.JPG	\N	2024-04-15 00:00:00
824	pCloudDrive/Photos/faglar/oland-dag2-240415/DSC_0763.JPG	\N	2024-04-15 00:00:00
825	pCloudDrive/Photos/faglar/oland-dag2-240415/DSC_0764.JPG	\N	2024-04-15 00:00:00
826	pCloudDrive/Photos/faglar/oland-dag2-240415/DSC_0766.JPG	\N	2024-04-15 00:00:00
827	pCloudDrive/Photos/faglar/oland-dag2-240415/DSC_0767.JPG	\N	2024-04-15 00:00:00
828	pCloudDrive/Photos/faglar/oland-dag2-240415/DSC_0768.JPG	\N	2024-04-15 00:00:00
829	pCloudDrive/Photos/faglar/oland-dag2-240415/DSC_0769.JPG	\N	2024-04-15 00:00:00
830	pCloudDrive/Photos/faglar/oland-dag2-240415/DSC_0770.JPG	\N	2024-04-15 00:00:00
831	pCloudDrive/Photos/faglar/oland-dag2-240415/DSC_0772.JPG	\N	2024-04-15 00:00:00
832	pCloudDrive/Photos/faglar/oland-dag2-240415/DSC_0773.JPG	\N	2024-04-15 00:00:00
833	pCloudDrive/Photos/faglar/oland-dag2-240415/DSC_0774.JPG	\N	2024-04-15 00:00:00
834	pCloudDrive/Photos/faglar/oland-dag2-240415/DSC_0775.JPG	\N	2024-04-15 00:00:00
835	pCloudDrive/Photos/faglar/oland-dag2-240415/DSC_0776.JPG	\N	2024-04-15 00:00:00
836	pCloudDrive/Photos/faglar/oland-dag2-240415/DSC_0777.JPG	\N	2024-04-15 00:00:00
837	pCloudDrive/Photos/faglar/oland-dag2-240415/DSC_0778.JPG	\N	2024-04-15 00:00:00
838	pCloudDrive/Photos/faglar/oland-dag2-240415/DSC_0779.JPG	\N	2024-04-15 00:00:00
839	pCloudDrive/Photos/faglar/oland-dag2-240415/DSC_0780.JPG	\N	2024-04-15 00:00:00
840	pCloudDrive/Photos/faglar/oland-dag2-240415/DSC_0783.JPG	\N	2024-04-15 00:00:00
841	pCloudDrive/Photos/faglar/oland-dag2-240415/DSC_0784.JPG	\N	2024-04-15 00:00:00
842	pCloudDrive/Photos/faglar/oland-dag2-240415/DSC_0785.JPG	\N	2024-04-15 00:00:00
843	pCloudDrive/Photos/faglar/oland-dag2-240415/DSC_0787.JPG	\N	2024-04-15 00:00:00
844	pCloudDrive/Photos/faglar/oland-dag2-240415/DSC_0792.JPG	\N	2024-04-15 00:00:00
845	pCloudDrive/Photos/faglar/oland-dag2-240415/DSC_0794.JPG	\N	2024-04-15 00:00:00
846	pCloudDrive/Photos/faglar/oland-dag2-240415/DSC_0797.JPG	\N	2024-04-15 00:00:00
847	pCloudDrive/Photos/faglar/oland-dag2-240415/DSC_0800.JPG	\N	2024-04-15 00:00:00
848	pCloudDrive/Photos/faglar/oland-dag2-240415/DSC_0803.JPG	\N	2024-04-15 00:00:00
849	pCloudDrive/Photos/faglar/oland-dag2-240415/DSC_0804.JPG	\N	2024-04-15 00:00:00
850	pCloudDrive/Photos/faglar/oland-dag2-240415/DSC_0805.JPG	\N	2024-04-15 00:00:00
851	pCloudDrive/Photos/faglar/oland-dag2-240415/DSC_0810.JPG	\N	2024-04-15 00:00:00
852	pCloudDrive/Photos/faglar/oland-dag2-240415/DSC_0811.JPG	\N	2024-04-15 00:00:00
853	pCloudDrive/Photos/faglar/sparvhok-hemma-241228/DSC_0398	\N	2024-12-28 00:00:00
854	pCloudDrive/Photos/faglar/sparvhok-hemma-241228/DSC_0401	\N	2024-12-28 00:00:00
855	pCloudDrive/Photos/faglar/sparvhok-hemma-241228/DSC_0402	\N	2024-12-28 00:00:00
856	pCloudDrive/Photos/faglar/oland-dag3-240416/DSC_0503.JPG	\N	2024-04-16 00:00:00
857	pCloudDrive/Photos/faglar/oland-dag3-240416/DSC_0504.JPG	\N	2024-04-16 00:00:00
858	pCloudDrive/Photos/faglar/oland-dag3-240416/DSC_0507.JPG	\N	2024-04-16 00:00:00
859	pCloudDrive/Photos/faglar/oland-dag3-240416/DSC_0508.JPG	\N	2024-04-16 00:00:00
860	pCloudDrive/Photos/faglar/oland-dag3-240416/DSC_0510.JPG	\N	2024-04-16 00:00:00
861	pCloudDrive/Photos/faglar/oland-dag3-240416/DSC_0511.JPG	\N	2024-04-16 00:00:00
862	pCloudDrive/Photos/faglar/oland-dag3-240416/DSC_0515.JPG	\N	2024-04-16 00:00:00
863	pCloudDrive/Photos/faglar/oland-dag3-240416/DSC_0520.JPG	\N	2024-04-16 00:00:00
864	pCloudDrive/Photos/faglar/oland-dag3-240416/DSC_0522.JPG	\N	2024-04-16 00:00:00
865	pCloudDrive/Photos/faglar/oland-dag3-240416/DSC_0523.JPG	\N	2024-04-16 00:00:00
866	pCloudDrive/Photos/faglar/oland-dag3-240416/DSC_0528.JPG	\N	2024-04-16 00:00:00
867	pCloudDrive/Photos/faglar/oland-dag3-240416/DSC_0533.JPG	\N	2024-04-16 00:00:00
868	pCloudDrive/Photos/faglar/oland-dag3-240416/DSC_0535.JPG	\N	2024-04-16 00:00:00
869	pCloudDrive/Photos/faglar/oland-dag3-240416/DSC_0536.JPG	\N	2024-04-16 00:00:00
870	pCloudDrive/Photos/faglar/oland-dag3-240416/DSC_0537.JPG	\N	2024-04-16 00:00:00
871	pCloudDrive/Photos/faglar/oland-dag3-240416/DSC_0541.JPG	\N	2024-04-16 00:00:00
872	pCloudDrive/Photos/faglar/oland-dag3-240416/DSC_0551.JPG	\N	2024-04-16 00:00:00
873	pCloudDrive/Photos/faglar/oland-dag3-240416/DSC_0552.JPG	\N	2024-04-16 00:00:00
874	pCloudDrive/Photos/faglar/oland-dag3-240416/DSC_0556.JPG	\N	2024-04-16 00:00:00
875	pCloudDrive/Photos/faglar/oland-dag3-240416/DSC_0557.JPG	\N	2024-04-16 00:00:00
876	pCloudDrive/Photos/faglar/oland-dag3-240416/DSC_0558.JPG	\N	2024-04-16 00:00:00
877	pCloudDrive/Photos/faglar/oland-dag3-240416/DSC_0561.JPG	\N	2024-04-16 00:00:00
878	pCloudDrive/Photos/faglar/oland-dag3-240416/DSC_0564.JPG	\N	2024-04-16 00:00:00
879	pCloudDrive/Photos/faglar/oland-dag3-240416/DSC_0575.JPG	\N	2024-04-16 00:00:00
880	pCloudDrive/Photos/faglar/oland-dag3-240416/DSC_0601.JPG	\N	2024-04-16 00:00:00
881	pCloudDrive/Photos/faglar/oland-dag3-240416/DSC_0603.JPG	\N	2024-04-16 00:00:00
882	pCloudDrive/Photos/faglar/oland-dag3-240416/DSC_0604.JPG	\N	2024-04-16 00:00:00
883	pCloudDrive/Photos/faglar/oland-dag3-240416/DSC_0605.JPG	\N	2024-04-16 00:00:00
884	pCloudDrive/Photos/faglar/oland-dag3-240416/DSC_0606.JPG	\N	2024-04-16 00:00:00
885	pCloudDrive/Photos/faglar/oland-dag3-240416/DSC_0607.JPG	\N	2024-04-16 00:00:00
886	pCloudDrive/Photos/faglar/oland-dag3-240416/DSC_0609.JPG	\N	2024-04-16 00:00:00
887	pCloudDrive/Photos/faglar/oland-dag3-240416/DSC_0611.JPG	\N	2024-04-16 00:00:00
888	pCloudDrive/Photos/faglar/oland-dag3-240416/DSC_0613.JPG	\N	2024-04-16 00:00:00
889	pCloudDrive/Photos/faglar/oland-dag3-240416/DSC_0630.JPG	\N	2024-04-16 00:00:00
890	pCloudDrive/Photos/faglar/oland-dag3-240416/DSC_0635.JPG	\N	2024-04-16 00:00:00
891	pCloudDrive/Photos/faglar/oland-dag3-240416/DSC_0637.JPG	\N	2024-04-16 00:00:00
892	pCloudDrive/Photos/faglar/oland-dag3-240416/DSC_0639.JPG	\N	2024-04-16 00:00:00
893	pCloudDrive/Photos/faglar/oland-dag3-240416/DSC_0640.JPG	\N	2024-04-16 00:00:00
894	pCloudDrive/Photos/faglar/oland-dag3-240416/DSC_0641.JPG	\N	2024-04-16 00:00:00
895	pCloudDrive/Photos/faglar/oland-dag3-240416/DSC_0642.JPG	\N	2024-04-16 00:00:00
896	pCloudDrive/Photos/faglar/oland-dag3-240416/DSC_0644.JPG	\N	2024-04-16 00:00:00
897	pCloudDrive/Photos/faglar/oland-dag3-240416/DSC_0645.JPG	\N	2024-04-16 00:00:00
898	pCloudDrive/Photos/faglar/oland-dag3-240416/DSC_0646.JPG	\N	2024-04-16 00:00:00
899	pCloudDrive/Photos/faglar/oland-dag3-240416/DSC_0647.JPG	\N	2024-04-16 00:00:00
900	pCloudDrive/Photos/faglar/oland-dag3-240416/DSC_0653.JPG	\N	2024-04-16 00:00:00
901	pCloudDrive/Photos/faglar/oland-dag3-240416/DSC_0656.JPG	\N	2024-04-16 00:00:00
902	pCloudDrive/Photos/faglar/oland-dag3-240416/DSC_0658.JPG	\N	2024-04-16 00:00:00
903	pCloudDrive/Photos/faglar/oland-dag3-240416/DSC_0662.JPG	\N	2024-04-16 00:00:00
904	pCloudDrive/Photos/faglar/oland-dag3-240416/DSC_0663.JPG	\N	2024-04-16 00:00:00
905	pCloudDrive/Photos/faglar/oland-dag3-240416/DSC_0664.JPG	\N	2024-04-16 00:00:00
906	pCloudDrive/Photos/faglar/oland-dag3-240416/DSC_0665.JPG	\N	2024-04-16 00:00:00
907	pCloudDrive/Photos/faglar/oland-dag3-240416/DSC_0666.JPG	\N	2024-04-16 00:00:00
908	pCloudDrive/Photos/faglar/oland-dag3-240416/DSC_0667.JPG	\N	2024-04-16 00:00:00
909	pCloudDrive/Photos/faglar/oland-dag3-240416/DSC_0668.JPG	\N	2024-04-16 00:00:00
910	pCloudDrive/Photos/faglar/oland-dag3-240416/DSC_0669.JPG	\N	2024-04-16 00:00:00
911	pCloudDrive/Photos/faglar/oland-dag3-240416/DSC_0674.JPG	\N	2024-04-16 00:00:00
912	pCloudDrive/Photos/faglar/oland-dag3-240416/DSC_0686.JPG	\N	2024-04-16 00:00:00
913	pCloudDrive/Photos/faglar/oland-dag3-240416/DSC_0687.JPG	\N	2024-04-16 00:00:00
914	pCloudDrive/Photos/faglar/oland-dag3-240416/DSC_0688.JPG	\N	2024-04-16 00:00:00
915	pCloudDrive/Photos/faglar/oland-dag3-240416/DSC_0689.JPG	\N	2024-04-16 00:00:00
916	pCloudDrive/Photos/faglar/oland-dag3-240416/DSC_0693.JPG	\N	2024-04-16 00:00:00
917	pCloudDrive/Photos/faglar/oland-dag3-240416/DSC_0695.JPG	\N	2024-04-16 00:00:00
918	pCloudDrive/Photos/faglar/oland-dag3-240416/DSC_0698.JPG	\N	2024-04-16 00:00:00
919	pCloudDrive/Photos/faglar/oland-dag3-240416/DSC_0699.JPG	\N	2024-04-16 00:00:00
920	pCloudDrive/Photos/faglar/oland-dag3-240416/DSC_0710.JPG	\N	2024-04-16 00:00:00
921	pCloudDrive/Photos/faglar/oland-dag3-240416/DSC_0714.JPG	\N	2024-04-16 00:00:00
922	pCloudDrive/Photos/faglar/oland-dag3-240416/DSC_0716.JPG	\N	2024-04-16 00:00:00
923	pCloudDrive/Photos/faglar/oland-dag3-240416/DSC_0717.JPG	\N	2024-04-16 00:00:00
924	pCloudDrive/Photos/faglar/oland-dag3-240416/DSC_0719.JPG	\N	2024-04-16 00:00:00
925	pCloudDrive/Photos/faglar/oland-dag3-240416/DSC_0723.JPG	\N	2024-04-16 00:00:00
926	pCloudDrive/Photos/faglar/oland-dag3-240416/DSC_0725.JPG	\N	2024-04-16 00:00:00
927	pCloudDrive/Photos/faglar/oland-dag3-240416/DSC_0727.JPG	\N	2024-04-16 00:00:00
928	pCloudDrive/Photos/faglar/oland-dag3-240416/DSC_0732.JPG	\N	2024-04-16 00:00:00
929	pCloudDrive/Photos/faglar/oland-dag3-240416/DSC_0743.JPG	\N	2024-04-16 00:00:00
930	pCloudDrive/Photos/faglar/oland-dag3-240416/DSC_0746.JPG	\N	2024-04-16 00:00:00
931	pCloudDrive/Photos/faglar/oland-dag3-240416/DSC_0752.JPG	\N	2024-04-16 00:00:00
932	pCloudDrive/Photos/faglar/oland-dag3-240416/DSC_0754.JPG	\N	2024-04-16 00:00:00
933	pCloudDrive/Photos/faglar/oland-dag3-240416/DSC_0757.JPG	\N	2024-04-16 00:00:00
934	pCloudDrive/Photos/faglar/oland-dag3-240416/DSC_0767.JPG	\N	2024-04-16 00:00:00
935	pCloudDrive/Photos/faglar/oland-dag4-240417/DSC_0455.JPG	\N	2024-04-17 00:00:00
936	pCloudDrive/Photos/faglar/oland-dag4-240417/DSC_0459.JPG	\N	2024-04-17 00:00:00
937	pCloudDrive/Photos/faglar/oland-dag4-240417/DSC_0460.JPG	\N	2024-04-17 00:00:00
938	pCloudDrive/Photos/faglar/oland-dag4-240417/DSC_0462.JPG	\N	2024-04-17 00:00:00
939	pCloudDrive/Photos/faglar/oland-dag4-240417/DSC_0464.JPG	\N	2024-04-17 00:00:00
940	pCloudDrive/Photos/faglar/oland-dag4-240417/DSC_0466.JPG	\N	2024-04-17 00:00:00
941	pCloudDrive/Photos/faglar/oland-dag4-240417/DSC_0468.JPG	\N	2024-04-17 00:00:00
942	pCloudDrive/Photos/faglar/oland-dag4-240417/DSC_0515.JPG	\N	2024-04-17 00:00:00
943	pCloudDrive/Photos/faglar/oland-dag4-240417/DSC_0521.JPG	\N	2024-04-17 00:00:00
944	pCloudDrive/Photos/faglar/oland-dag4-240417/DSC_0522.JPG	\N	2024-04-17 00:00:00
945	pCloudDrive/Photos/faglar/oland-dag4-240417/DSC_0523.JPG	\N	2024-04-17 00:00:00
946	pCloudDrive/Photos/faglar/oland-dag4-240417/DSC_0529.JPG	\N	2024-04-17 00:00:00
947	pCloudDrive/Photos/faglar/oland-dag4-240417/DSC_0531.JPG	\N	2024-04-17 00:00:00
948	pCloudDrive/Photos/faglar/oland-dag4-240417/DSC_0535.JPG	\N	2024-04-17 00:00:00
949	pCloudDrive/Photos/faglar/oland-dag4-240417/DSC_0537.JPG	\N	2024-04-17 00:00:00
950	pCloudDrive/Photos/faglar/oland-dag4-240417/DSC_0540.JPG	\N	2024-04-17 00:00:00
951	pCloudDrive/Photos/faglar/oland-dag4-240417/DSC_0542.JPG	\N	2024-04-17 00:00:00
952	pCloudDrive/Photos/faglar/oland-dag4-240417/DSC_0549.JPG	\N	2024-04-17 00:00:00
953	pCloudDrive/Photos/faglar/oland-dag4-240417/DSC_0550.JPG	\N	2024-04-17 00:00:00
954	pCloudDrive/Photos/faglar/oland-dag4-240417/DSC_0569.JPG	\N	2024-04-17 00:00:00
955	pCloudDrive/Photos/faglar/oland-dag4-240417/DSC_0576.JPG	\N	2024-04-17 00:00:00
956	pCloudDrive/Photos/faglar/oland-dag4-240417/DSC_0578.JPG	\N	2024-04-17 00:00:00
957	pCloudDrive/Photos/faglar/oland-dag4-240417/DSC_0579.JPG	\N	2024-04-17 00:00:00
958	pCloudDrive/Photos/faglar/oland-dag4-240417/DSC_0585.JPG	\N	2024-04-17 00:00:00
959	pCloudDrive/Photos/faglar/oland-dag4-240417/DSC_0592.JPG	\N	2024-04-17 00:00:00
960	pCloudDrive/Photos/faglar/oland-dag4-240417/DSC_0594.JPG	\N	2024-04-17 00:00:00
961	pCloudDrive/Photos/faglar/oland-dag4-240417/DSC_0603.JPG	\N	2024-04-17 00:00:00
962	pCloudDrive/Photos/faglar/oland-dag4-240417/DSC_0609.JPG	\N	2024-04-17 00:00:00
963	pCloudDrive/Photos/faglar/oland-dag4-240417/DSC_0611.JPG	\N	2024-04-17 00:00:00
964	pCloudDrive/Photos/faglar/oland-dag4-240417/DSC_0612.JPG	\N	2024-04-17 00:00:00
965	pCloudDrive/Photos/faglar/oland-dag4-240417/DSC_0614.JPG	\N	2024-04-17 00:00:00
966	pCloudDrive/Photos/faglar/oland-dag4-240417/DSC_0621.JPG	\N	2024-04-17 00:00:00
967	pCloudDrive/Photos/faglar/oland-dag4-240417/DSC_0623.JPG	\N	2024-04-17 00:00:00
968	pCloudDrive/Photos/faglar/oland-dag4-240417/DSC_0628.JPG	\N	2024-04-17 00:00:00
969	pCloudDrive/Photos/faglar/oland-dag4-240417/DSC_0629.JPG	\N	2024-04-17 00:00:00
970	pCloudDrive/Photos/faglar/oland-dag4-240417/DSC_0633.JPG	\N	2024-04-17 00:00:00
971	pCloudDrive/Photos/faglar/oland-dag4-240417/DSC_0635.JPG	\N	2024-04-17 00:00:00
972	pCloudDrive/Photos/faglar/oland-dag4-240417/DSC_0639.JPG	\N	2024-04-17 00:00:00
973	pCloudDrive/Photos/faglar/oland-dag4-240417/DSC_0652.JPG	\N	2024-04-17 00:00:00
974	pCloudDrive/Photos/faglar/oland-dag4-240417/DSC_0658.JPG	\N	2024-04-17 00:00:00
975	pCloudDrive/Photos/faglar/oland-dag4-240417/DSC_0661.JPG	\N	2024-04-17 00:00:00
976	pCloudDrive/Photos/faglar/oland-dag4-240417/DSC_0675.JPG	\N	2024-04-17 00:00:00
977	pCloudDrive/Photos/faglar/oland-dag4-240417/DSC_0677.JPG	\N	2024-04-17 00:00:00
978	pCloudDrive/Photos/faglar/oland-dag4-240417/DSC_0680.JPG	\N	2024-04-17 00:00:00
979	pCloudDrive/Photos/faglar/oland-dag4-240417/DSC_0685.JPG	\N	2024-04-17 00:00:00
980	pCloudDrive/Photos/faglar/oland-dag4-240417/DSC_0691.JPG	\N	2024-04-17 00:00:00
981	pCloudDrive/Photos/faglar/oland-dag4-240417/DSC_0707.JPG	\N	2024-04-17 00:00:00
982	pCloudDrive/Photos/faglar/oland-dag4-240417/DSC_0711.JPG	\N	2024-04-17 00:00:00
983	pCloudDrive/Photos/faglar/oland-dag4-240417/DSC_0712.JPG	\N	2024-04-17 00:00:00
984	pCloudDrive/Photos/faglar/oland-dag4-240417/DSC_0717.JPG	\N	2024-04-17 00:00:00
985	pCloudDrive/Photos/faglar/oland-dag4-240417/DSC_0718.JPG	\N	2024-04-17 00:00:00
986	pCloudDrive/Photos/faglar/oland-dag4-240417/DSC_0721.JPG	\N	2024-04-17 00:00:00
987	pCloudDrive/Photos/faglar/oland-dag4-240417/DSC_0723.JPG	\N	2024-04-17 00:00:00
988	pCloudDrive/Photos/faglar/oland-dag4-240417/DSC_0724.JPG	\N	2024-04-17 00:00:00
989	pCloudDrive/Photos/faglar/oland-dag4-240417/DSC_0727.JPG	\N	2024-04-17 00:00:00
990	pCloudDrive/Photos/faglar/oland-dag4-240417/DSC_0728.JPG	\N	2024-04-17 00:00:00
991	pCloudDrive/Photos/faglar/oland-dag4-240417/DSC_0729.JPG	\N	2024-04-17 00:00:00
992	pCloudDrive/Photos/faglar/oland-dag4-240417/DSC_0730.JPG	\N	2024-04-17 00:00:00
993	pCloudDrive/Photos/faglar/oland-dag4-240417/DSC_0732.JPG	\N	2024-04-17 00:00:00
994	pCloudDrive/Photos/faglar/oland-dag4-240417/DSC_0733.JPG	\N	2024-04-17 00:00:00
995	pCloudDrive/Photos/faglar/oland-dag4-240417/DSC_0735.JPG	\N	2024-04-17 00:00:00
996	pCloudDrive/Photos/faglar/oland-dag4-240417/DSC_0739.JPG	\N	2024-04-17 00:00:00
997	pCloudDrive/Photos/faglar/oland-dag4-240417/DSC_0740.JPG	\N	2024-04-17 00:00:00
998	pCloudDrive/Photos/faglar/oland-dag4-240417/DSC_0753.JPG	\N	2024-04-17 00:00:00
999	pCloudDrive/Photos/faglar/oland-dag4-240417/DSC_0754.JPG	\N	2024-04-17 00:00:00
1000	pCloudDrive/Photos/faglar/oland-dag4-240417/rod-glada.JPG	\N	2024-04-17 00:00:00
1001	pCloudDrive/Photos/faglar/orrspel-tiveden-230422/DSC_0226_1.JPG	\N	2023-04-22 00:00:00
1002	pCloudDrive/Photos/faglar/orrspel-tiveden-230422/DSC_0227_1.JPG	\N	2023-04-22 00:00:00
1003	pCloudDrive/Photos/faglar/orrspel-tiveden-230422/DSC_0229_1.JPG	\N	2023-04-22 00:00:00
1004	pCloudDrive/Photos/faglar/orrspel-tiveden-230422/DSC_0235_1.JPG	\N	2023-04-22 00:00:00
1005	pCloudDrive/Photos/faglar/orrspel-tiveden-230422/DSC_0236_1.JPG	\N	2023-04-22 00:00:00
1006	pCloudDrive/Photos/faglar/orrspel-tiveden-230422/DSC_0239_1.JPG	\N	2023-04-22 00:00:00
1007	pCloudDrive/Photos/faglar/orrspel-tiveden-230422/DSC_0242_1.JPG	\N	2023-04-22 00:00:00
1008	pCloudDrive/Photos/faglar/orrspel-tiveden-230422/DSC_0243_1.JPG	\N	2023-04-22 00:00:00
1009	pCloudDrive/Photos/faglar/orrspel-tiveden-230422/DSC_0247_1.JPG	\N	2023-04-22 00:00:00
1010	pCloudDrive/Photos/faglar/orrspel-tiveden-230422/DSC_0248_1.JPG	\N	2023-04-22 00:00:00
1011	pCloudDrive/Photos/faglar/orrspel-tiveden-230422/DSC_0249_1.JPG	\N	2023-04-22 00:00:00
1012	pCloudDrive/Photos/faglar/orrspel-tiveden-230422/DSC_0252_1.JPG	\N	2023-04-22 00:00:00
1013	pCloudDrive/Photos/faglar/orrspel-tiveden-230422/DSC_0254_1.JPG	\N	2023-04-22 00:00:00
1014	pCloudDrive/Photos/faglar/orrspel-tiveden-230422/DSC_0255_1.JPG	\N	2023-04-22 00:00:00
1015	pCloudDrive/Photos/faglar/orrspel-tiveden-230422/DSC_0256_1.JPG	\N	2023-04-22 00:00:00
1016	pCloudDrive/Photos/faglar/orrspel-tiveden-230422/DSC_0257_1.JPG	\N	2023-04-22 00:00:00
1017	pCloudDrive/Photos/faglar/orrspel-tiveden-230422/DSC_0258_1.JPG	\N	2023-04-22 00:00:00
1018	pCloudDrive/Photos/faglar/orrspel-tiveden-230422/DSC_0271_1.JPG	\N	2023-04-22 00:00:00
1019	pCloudDrive/Photos/faglar/orrspel-tiveden-230422/DSC_0272_1.JPG	\N	2023-04-22 00:00:00
1020	pCloudDrive/Photos/faglar/orrspel-tiveden-230422/DSC_0273_1.JPG	\N	2023-04-22 00:00:00
1021	pCloudDrive/Photos/faglar/orrspel-tiveden-230422/DSC_0274_1.JPG	\N	2023-04-22 00:00:00
1022	pCloudDrive/Photos/faglar/orrspel-tiveden-230422/DSC_0275_1.JPG	\N	2023-04-22 00:00:00
1023	pCloudDrive/Photos/faglar/orrspel-tiveden-230422/DSC_0278_2.JPG	\N	2023-04-22 00:00:00
1024	pCloudDrive/Photos/faglar/orrspel-tiveden-230422/DSC_0280_1.JPG	\N	2023-04-22 00:00:00
1025	pCloudDrive/Photos/faglar/orrspel-tiveden-230422/DSC_0281.JPG	\N	2023-04-22 00:00:00
1026	pCloudDrive/Photos/faglar/orrspel-tiveden-230422/DSC_0282_1.JPG	\N	2023-04-22 00:00:00
1027	pCloudDrive/Photos/faglar/orrspel-tiveden-230422/DSC_0287_1.JPG	\N	2023-04-22 00:00:00
1028	pCloudDrive/Photos/faglar/orrspel-tiveden-230422/DSC_0288_1.JPG	\N	2023-04-22 00:00:00
1029	pCloudDrive/Photos/faglar/orrspel-tiveden-230422/DSC_0289_1.JPG	\N	2023-04-22 00:00:00
1030	pCloudDrive/Photos/faglar/orrspel-tiveden-230422/DSC_0290_1.JPG	\N	2023-04-22 00:00:00
1031	pCloudDrive/Photos/faglar/orrspel-tiveden-230422/DSC_0293.JPG	\N	2023-04-22 00:00:00
1032	pCloudDrive/Photos/faglar/orrspel-tiveden-230422/DSC_0294.JPG	\N	2023-04-22 00:00:00
1033	pCloudDrive/Photos/faglar/orrspel-tiveden-230422/DSC_0295.JPG	\N	2023-04-22 00:00:00
1034	pCloudDrive/Photos/faglar/orrspel-tiveden-230422/DSC_0298.JPG	\N	2023-04-22 00:00:00
1035	pCloudDrive/Photos/faglar/orrspel-tiveden-230422/DSC_0299.JPG	\N	2023-04-22 00:00:00
1036	pCloudDrive/Photos/faglar/orrspel-tiveden-230422/DSC_0301.JPG	\N	2023-04-22 00:00:00
1037	pCloudDrive/Photos/faglar/orrspel-tiveden-230422/DSC_0303.JPG	\N	2023-04-22 00:00:00
1038	pCloudDrive/Photos/faglar/orrspel-tiveden-230422/DSC_0312_1.JPG	\N	2023-04-22 00:00:00
1039	pCloudDrive/Photos/faglar/orrspel-tiveden-230422/DSC_0314_1.JPG	\N	2023-04-22 00:00:00
1040	pCloudDrive/Photos/faglar/orrspel-tiveden-230422/DSC_0315_1.JPG	\N	2023-04-22 00:00:00
1041	pCloudDrive/Photos/faglar/orrspel-tiveden-230422/DSC_0316_1.JPG	\N	2023-04-22 00:00:00
1042	pCloudDrive/Photos/faglar/orrspel-tiveden-230422/DSC_0317_1.JPG	\N	2023-04-22 00:00:00
1043	pCloudDrive/Photos/faglar/orrspel-tiveden-230422/DSC_0318_2.JPG	\N	2023-04-22 00:00:00
1044	pCloudDrive/Photos/faglar/orrspel-tiveden-230422/DSC_0319_1.JPG	\N	2023-04-22 00:00:00
1045	pCloudDrive/Photos/faglar/orrspel-tiveden-230422/DSC_0320_2.JPG	\N	2023-04-22 00:00:00
1046	pCloudDrive/Photos/faglar/orrspel-tiveden-230422/DSC_0321_1.JPG	\N	2023-04-22 00:00:00
1047	pCloudDrive/Photos/faglar/orrspel-tiveden-230422/DSC_0324_1.JPG	\N	2023-04-22 00:00:00
1048	pCloudDrive/Photos/faglar/orrspel-tiveden-230422/DSC_0325_2.JPG	\N	2023-04-22 00:00:00
1049	pCloudDrive/Photos/faglar/orrspel-tiveden-230422/DSC_0329_2.JPG	\N	2023-04-22 00:00:00
1050	pCloudDrive/Photos/faglar/orrspel-tiveden-230422/DSC_0331_2.JPG	\N	2023-04-22 00:00:00
1051	pCloudDrive/Photos/faglar/orrspel-tiveden-230422/DSC_0333_2.JPG	\N	2023-04-22 00:00:00
1052	pCloudDrive/Photos/faglar/orrspel-tiveden-230422/DSC_0334_2.JPG	\N	2023-04-22 00:00:00
1053	pCloudDrive/Photos/faglar/orrspel-tiveden-230422/DSC_0336_2.JPG	\N	2023-04-22 00:00:00
1054	pCloudDrive/Photos/faglar/orrspel-tiveden-230422/DSC_0338_2.JPG	\N	2023-04-22 00:00:00
1055	pCloudDrive/Photos/faglar/orrspel-tiveden-230422/DSC_0339_2.JPG	\N	2023-04-22 00:00:00
1056	pCloudDrive/Photos/faglar/orrspel-tiveden-230422/DSC_0340_2.JPG	\N	2023-04-22 00:00:00
1057	pCloudDrive/Photos/faglar/orrspel-tiveden-230422/DSC_0348_2.JPG	\N	2023-04-22 00:00:00
1058	pCloudDrive/Photos/faglar/orrspel-tiveden-230422/DSC_0350_1.JPG	\N	2023-04-22 00:00:00
1059	pCloudDrive/Photos/faglar/orrspel-tiveden-230422/DSC_0351_1.JPG	\N	2023-04-22 00:00:00
1060	pCloudDrive/Photos/faglar/orrspel-tiveden-230422/DSC_0353_1.JPG	\N	2023-04-22 00:00:00
1061	pCloudDrive/Photos/faglar/orrspel-tiveden-230422/DSC_0354_1.JPG	\N	2023-04-22 00:00:00
1062	pCloudDrive/Photos/faglar/orrspel-tiveden-230422/DSC_0355_1.JPG	\N	2023-04-22 00:00:00
1063	pCloudDrive/Photos/faglar/orrspel-tiveden-230422/DSC_0356_1.JPG	\N	2023-04-22 00:00:00
1064	pCloudDrive/Photos/faglar/orrspel-tiveden-230422/DSC_0357_1.JPG	\N	2023-04-22 00:00:00
1065	pCloudDrive/Photos/faglar/orrspel-tiveden-230422/DSC_0358_1.JPG	\N	2023-04-22 00:00:00
1066	pCloudDrive/Photos/faglar/orrspel-tiveden-230422/DSC_0360_1.JPG	\N	2023-04-22 00:00:00
1067	pCloudDrive/Photos/faglar/orrspel-tiveden-230422/DSC_0361_1.JPG	\N	2023-04-22 00:00:00
1068	pCloudDrive/Photos/faglar/orrspel-tiveden-230422/DSC_0363_1.JPG	\N	2023-04-22 00:00:00
1069	pCloudDrive/Photos/faglar/orrspel-tiveden-230422/DSC_0364_1.JPG	\N	2023-04-22 00:00:00
1070	pCloudDrive/Photos/faglar/orrspel-tiveden-230422/DSC_0365_1.JPG	\N	2023-04-22 00:00:00
1071	pCloudDrive/Photos/faglar/orrspel-tiveden-230422/DSC_0366_1.JPG	\N	2023-04-22 00:00:00
1072	pCloudDrive/Photos/faglar/orrspel-tiveden-230422/DSC_0367_1.JPG	\N	2023-04-22 00:00:00
1073	pCloudDrive/Photos/faglar/orrspel-tiveden-230422/DSC_0368_1.JPG	\N	2023-04-22 00:00:00
1074	pCloudDrive/Photos/faglar/orrspel-tiveden-230422/DSC_0369_1.JPG	\N	2023-04-22 00:00:00
1075	pCloudDrive/Photos/faglar/orrspel-tiveden-230422/DSC_0370_1.JPG	\N	2023-04-22 00:00:00
1076	pCloudDrive/Photos/faglar/orrspel-tiveden-230422/DSC_0371.JPG	\N	2023-04-22 00:00:00
1077	pCloudDrive/Photos/faglar/orrspel-tiveden-230422/DSC_0372_1.JPG	\N	2023-04-22 00:00:00
1078	pCloudDrive/Photos/faglar/orrspel-tiveden-230422/DSC_0373_1.JPG	\N	2023-04-22 00:00:00
1079	pCloudDrive/Photos/faglar/orrspel-tiveden-230422/DSC_0374_1.JPG	\N	2023-04-22 00:00:00
1080	pCloudDrive/Photos/faglar/orrspel-tiveden-230422/DSC_0375_1.JPG	\N	2023-04-22 00:00:00
1081	pCloudDrive/Photos/faglar/orrspel-tiveden-230422/DSC_0376.JPG	\N	2023-04-22 00:00:00
1082	pCloudDrive/Photos/faglar/orrspel-tiveden-230422/DSC_0377.JPG	\N	2023-04-22 00:00:00
1083	pCloudDrive/Photos/faglar/orrspel-tiveden-230422/DSC_0378.JPG	\N	2023-04-22 00:00:00
1084	pCloudDrive/Photos/faglar/orrspel-tiveden-230422/DSC_0379.JPG	\N	2023-04-22 00:00:00
1085	pCloudDrive/Photos/faglar/orrspel-tiveden-230422/DSC_0380.JPG	\N	2023-04-22 00:00:00
1086	pCloudDrive/Photos/faglar/orrspel-tiveden-230422/DSC_0381.JPG	\N	2023-04-22 00:00:00
1087	pCloudDrive/Photos/faglar/orrspel-tiveden-230422/DSC_0382.JPG	\N	2023-04-22 00:00:00
1088	pCloudDrive/Photos/faglar/orrspel-tiveden-230422/DSC_0383.JPG	\N	2023-04-22 00:00:00
1089	pCloudDrive/Photos/faglar/orrspel-tiveden-230422/DSC_0385.JPG	\N	2023-04-22 00:00:00
1090	pCloudDrive/Photos/faglar/orrspel-tiveden-230422/DSC_0386.JPG	\N	2023-04-22 00:00:00
1091	pCloudDrive/Photos/faglar/orrspel-tiveden-230422/DSC_0388.JPG	\N	2023-04-22 00:00:00
1092	pCloudDrive/Photos/faglar/orrspel-tiveden-230422/DSC_0390.JPG	\N	2023-04-22 00:00:00
1093	pCloudDrive/Photos/faglar/orrspel-tiveden-230422/DSC_0391.JPG	\N	2023-04-22 00:00:00
1094	pCloudDrive/Photos/faglar/orrspel-tiveden-230422/DSC_0392.JPG	\N	2023-04-22 00:00:00
1095	pCloudDrive/Photos/faglar/orrspel-tiveden-230422/DSC_0394.JPG	\N	2023-04-22 00:00:00
1096	pCloudDrive/Photos/faglar/orrspel-tiveden-230422/DSC_0397.JPG	\N	2023-04-22 00:00:00
1097	pCloudDrive/Photos/faglar/orrspel-tiveden-230422/DSC_0398.JPG	\N	2023-04-22 00:00:00
1098	pCloudDrive/Photos/faglar/orrspel-tiveden-230422/DSC_0399.JPG	\N	2023-04-22 00:00:00
1099	pCloudDrive/Photos/faglar/orrspel-tiveden-230422/DSC_0400.JPG	\N	2023-04-22 00:00:00
1100	pCloudDrive/Photos/faglar/orrspel-tiveden-230422/varfagel-skarpare.JPG	\N	2023-04-22 00:00:00
1101	pCloudDrive/Photos/faglar/oset-230203/DSC_0020_4.JPG	\N	2023-02-03 00:00:00
1102	pCloudDrive/Photos/faglar/oset-230203/DSC_0021_5.JPG	\N	2023-02-03 00:00:00
1103	pCloudDrive/Photos/faglar/oset-230203/DSC_0022_5.JPG	\N	2023-02-03 00:00:00
1104	pCloudDrive/Photos/faglar/oset-230203/DSC_0023_5.JPG	\N	2023-02-03 00:00:00
1105	pCloudDrive/Photos/faglar/oset-230203/DSC_0024_5.JPG	\N	2023-02-03 00:00:00
1106	pCloudDrive/Photos/faglar/oset-230203/DSC_0025_4.JPG	\N	2023-02-03 00:00:00
1107	pCloudDrive/Photos/faglar/oset-230203/DSC_0026_4.JPG	\N	2023-02-03 00:00:00
1108	pCloudDrive/Photos/faglar/pershyttan-240424/DSC_0459.JPG	\N	2024-04-24 00:00:00
1109	pCloudDrive/Photos/faglar/pershyttan-240424/DSC_0460.JPG	\N	2024-04-24 00:00:00
1110	pCloudDrive/Photos/faglar/pershyttan-240424/DSC_0461.JPG	\N	2024-04-24 00:00:00
1111	pCloudDrive/Photos/faglar/pershyttan-240424/DSC_0474.JPG	\N	2024-04-24 00:00:00
1112	pCloudDrive/Photos/faglar/pershyttan-240424/DSC_0476.JPG	\N	2024-04-24 00:00:00
1113	pCloudDrive/Photos/faglar/pershyttan-240424/DSC_0483.JPG	\N	2024-04-24 00:00:00
1114	pCloudDrive/Photos/faglar/pershyttan-240424/DSC_0487.JPG	\N	2024-04-24 00:00:00
1115	pCloudDrive/Photos/faglar/pershyttan-240424/DSC_0497.JPG	\N	2024-04-24 00:00:00
1116	pCloudDrive/Photos/faglar/pershyttan-240424/DSC_0505.JPG	\N	2024-04-24 00:00:00
1117	pCloudDrive/Photos/faglar/pershyttan-240424/DSC_0509.JPG	\N	2024-04-24 00:00:00
1118	pCloudDrive/Photos/faglar/pershyttan-240424/DSC_0513.JPG	\N	2024-04-24 00:00:00
1119	pCloudDrive/Photos/faglar/racksta-trask-220816/DSC_1395.JPG	\N	2022-08-16 00:00:00
1120	pCloudDrive/Photos/faglar/racksta-trask-220816/DSC_1428.JPG	\N	2022-08-16 00:00:00
1121	pCloudDrive/Photos/faglar/racksta-trask-220816/DSC_1429.JPG	\N	2022-08-16 00:00:00
1122	pCloudDrive/Photos/faglar/racksta-trask-220816/DSC_1433.JPG	\N	2022-08-16 00:00:00
1123	pCloudDrive/Photos/faglar/racksta-trask-220816/DSC_1456.JPG	\N	2022-08-16 00:00:00
1124	pCloudDrive/Photos/faglar/racksta-trask-220816/DSC_1457.JPG	\N	2022-08-16 00:00:00
1125	pCloudDrive/Photos/faglar/racksta-trask-220816/DSC_1460.JPG	\N	2022-08-16 00:00:00
1126	pCloudDrive/Photos/faglar/racksta-trask-220816/DSC_1461.JPG	\N	2022-08-16 00:00:00
1127	pCloudDrive/Photos/faglar/racksta-trask-220816/DSC_1462.JPG	\N	2022-08-16 00:00:00
1128	pCloudDrive/Photos/faglar/racksta-trask-220816/DSC_1463.JPG	\N	2022-08-16 00:00:00
1129	pCloudDrive/Photos/faglar/racksta-trask-220816/DSC_1464.JPG	\N	2022-08-16 00:00:00
1130	pCloudDrive/Photos/faglar/rodskar-fagelsundet-240715/DSC_0215.JPG	\N	2024-07-15 00:00:00
1131	pCloudDrive/Photos/faglar/rodskar-fagelsundet-240715/DSC_0216.JPG	\N	2024-07-15 00:00:00
1132	pCloudDrive/Photos/faglar/rodskar-fagelsundet-240715/DSC_0228.JPG	\N	2024-07-15 00:00:00
1133	pCloudDrive/Photos/faglar/rodskar-fagelsundet-240715/DSC_0231.JPG	\N	2024-07-15 00:00:00
1134	pCloudDrive/Photos/faglar/rodskar-fagelsundet-240715/DSC_0234.JPG	\N	2024-07-15 00:00:00
1135	pCloudDrive/Photos/faglar/rodskar-fagelsundet-240715/DSC_0240.JPG	\N	2024-07-15 00:00:00
1136	pCloudDrive/Photos/faglar/rodskar-fagelsundet-240715/DSC_0241.JPG	\N	2024-07-15 00:00:00
1137	pCloudDrive/Photos/faglar/rodskar-fagelsundet-240715/DSC_0245.JPG	\N	2024-07-15 00:00:00
1138	pCloudDrive/Photos/faglar/rodskar-fagelsundet-240715/DSC_0260.JPG	\N	2024-07-15 00:00:00
1139	pCloudDrive/Photos/faglar/rodskar-fagelsundet-240715/DSC_0269.JPG	\N	2024-07-15 00:00:00
1140	pCloudDrive/Photos/faglar/rodskar-fagelsundet-240715/DSC_0283.JPG	\N	2024-07-15 00:00:00
1141	pCloudDrive/Photos/faglar/rodskar-fagelsundet-240715/DSC_0290.JPG	\N	2024-07-15 00:00:00
1142	pCloudDrive/Photos/faglar/rodskar-fagelsundet-240715/DSC_0297.JPG	\N	2024-07-15 00:00:00
1143	pCloudDrive/Photos/faglar/rodskar-fagelsundet-240715/DSC_0301.JPG	\N	2024-07-15 00:00:00
1144	pCloudDrive/Photos/faglar/rodskar-fagelsundet-240715/DSC_0306.JPG	\N	2024-07-15 00:00:00
1145	pCloudDrive/Photos/faglar/rodskar-fagelsundet-240715/DSC_0310.JPG	\N	2024-07-15 00:00:00
1146	pCloudDrive/Photos/faglar/rodskar-fagelsundet-240715/DSC_0329.JPG	\N	2024-07-15 00:00:00
1147	pCloudDrive/Photos/faglar/rodskar-fagelsundet-240715/DSC_0331.JPG	\N	2024-07-15 00:00:00
1148	pCloudDrive/Photos/faglar/rodskar-fagelsundet-240715/DSC_0338.JPG	\N	2024-07-15 00:00:00
1149	pCloudDrive/Photos/faglar/rodskar-fagelsundet-240715/DSC_0340.JPG	\N	2024-07-15 00:00:00
1150	pCloudDrive/Photos/faglar/rodskar-fagelsundet-240715/DSC_0358.JPG	\N	2024-07-15 00:00:00
1151	pCloudDrive/Photos/faglar/rodskar-fagelsundet-240715/DSC_0377.JPG	\N	2024-07-15 00:00:00
1152	pCloudDrive/Photos/faglar/rydaslatten-240202/DSC_0179.JPG	\N	2024-02-02 00:00:00
1153	pCloudDrive/Photos/faglar/rydaslatten-240202/DSC_0180.JPG	\N	2024-02-02 00:00:00
1154	pCloudDrive/Photos/faglar/rydaslatten-240202/DSC_0182.JPG	\N	2024-02-02 00:00:00
1155	pCloudDrive/Photos/faglar/rydaslatten-240202/DSC_0183.JPG	\N	2024-02-02 00:00:00
1156	pCloudDrive/Photos/faglar/rydaslatten-240202/DSC_0186.JPG	\N	2024-02-02 00:00:00
1157	pCloudDrive/Photos/faglar/rydaslatten-240202/DSC_0190.JPG	\N	2024-02-02 00:00:00
1158	pCloudDrive/Photos/faglar/rydaslatten-240202/DSC_0192.JPG	\N	2024-02-02 00:00:00
1159	pCloudDrive/Photos/faglar/rydaslatten-240202/DSC_0195.JPG	\N	2024-02-02 00:00:00
1160	pCloudDrive/Photos/faglar/rydaslatten-240202/DSC_0197.JPG	\N	2024-02-02 00:00:00
1161	pCloudDrive/Photos/faglar/rydaslatten-240202/DSC_0198.JPG	\N	2024-02-02 00:00:00
1162	pCloudDrive/Photos/faglar/rydaslatten-240202/DSC_0202.JPG	\N	2024-02-02 00:00:00
1163	pCloudDrive/Photos/faglar/rydaslatten-240202/DSC_0211.JPG	\N	2024-02-02 00:00:00
1164	pCloudDrive/Photos/faglar/rydaslatten-240202/DSC_0229.JPG	\N	2024-02-02 00:00:00
1165	pCloudDrive/Photos/faglar/rydaslatten-240202/DSC_0238.JPG	\N	2024-02-02 00:00:00
1166	pCloudDrive/Photos/faglar/rydaslatten-240202/DSC_0244.JPG	\N	2024-02-02 00:00:00
1167	pCloudDrive/Photos/faglar/rydaslatten-240202/DSC_0278.JPG	\N	2024-02-02 00:00:00
1168	pCloudDrive/Photos/faglar/rydaslatten-240202/DSC_0283.JPG	\N	2024-02-02 00:00:00
1169	pCloudDrive/Photos/faglar/rydaslatten-240202/DSC_0290.JPG	\N	2024-02-02 00:00:00
1170	pCloudDrive/Photos/faglar/rydaslatten-240202/DSC_0297.JPG	\N	2024-02-02 00:00:00
1171	pCloudDrive/Photos/faglar/rydaslatten-240202/DSC_0300.JPG	\N	2024-02-02 00:00:00
1172	pCloudDrive/Photos/faglar/rydaslatten-240202/DSC_0303.JPG	\N	2024-02-02 00:00:00
1173	pCloudDrive/Photos/faglar/rydaslatten-240202/DSC_0314.JPG	\N	2024-02-02 00:00:00
1174	pCloudDrive/Photos/faglar/rydaslatten-240202/DSC_0320.JPG	\N	2024-02-02 00:00:00
1175	pCloudDrive/Photos/faglar/rydaslatten-240202/DSC_0326.JPG	\N	2024-02-02 00:00:00
1176	pCloudDrive/Photos/faglar/rydaslatten-240202/DSC_0335.JPG	\N	2024-02-02 00:00:00
1177	pCloudDrive/Photos/faglar/rydaslatten-240202/DSC_0337.JPG	\N	2024-02-02 00:00:00
1178	pCloudDrive/Photos/faglar/rydaslatten-240202/DSC_0379.JPG	\N	2024-02-02 00:00:00
1179	pCloudDrive/Photos/faglar/rydaslatten-240202/DSC_0380.JPG	\N	2024-02-02 00:00:00
1180	pCloudDrive/Photos/faglar/rydaslatten-240202/kungsorn-huvud-vingar.JPG	\N	2024-02-02 00:00:00
1181	pCloudDrive/Photos/faglar/rydaslatten-240202/kungsorn-lang-stjart.JPG	\N	2024-02-02 00:00:00
1182	pCloudDrive/Photos/faglar/rydaslatten-240202/kungsorn-lyfta-vingar.JPG	\N	2024-02-02 00:00:00
1183	pCloudDrive/Photos/faglar/rydaslatten-240220/DSC_0457.JPG	\N	2024-02-20 00:00:00
1184	pCloudDrive/Photos/faglar/rydaslatten-240220/DSC_0462.JPG	\N	2024-02-20 00:00:00
1185	pCloudDrive/Photos/faglar/rydaslatten-240220/DSC_0463.JPG	\N	2024-02-20 00:00:00
1186	pCloudDrive/Photos/faglar/rydaslatten-240220/DSC_0464.JPG	\N	2024-02-20 00:00:00
1187	pCloudDrive/Photos/faglar/rydaslatten-240220/DSC_0465.JPG	\N	2024-02-20 00:00:00
1188	pCloudDrive/Photos/faglar/rydaslatten-240220/gulsparv-sharpened.JPG	\N	2024-02-20 00:00:00
1189	pCloudDrive/Photos/faglar/sabygard-230506/DSC_0406.JPG	\N	2023-05-06 00:00:00
1190	pCloudDrive/Photos/faglar/sabygard-230506/DSC_0407.JPG	\N	2023-05-06 00:00:00
1191	pCloudDrive/Photos/faglar/sabygard-230506/DSC_0409.JPG	\N	2023-05-06 00:00:00
1192	pCloudDrive/Photos/faglar/sabygard-230506/DSC_0410.JPG	\N	2023-05-06 00:00:00
1193	pCloudDrive/Photos/faglar/sabygard-230506/DSC_0414.JPG	\N	2023-05-06 00:00:00
1194	pCloudDrive/Photos/faglar/sabygard-230506/DSC_0417.JPG	\N	2023-05-06 00:00:00
1195	pCloudDrive/Photos/faglar/sabygard-230506/DSC_0422.JPG	\N	2023-05-06 00:00:00
1196	pCloudDrive/Photos/faglar/sabygard-230506/DSC_0426.JPG	\N	2023-05-06 00:00:00
1197	pCloudDrive/Photos/faglar/sabygard-230506/DSC_0430.JPG	\N	2023-05-06 00:00:00
1198	pCloudDrive/Photos/faglar/sabygard-230506/DSC_0437.JPG	\N	2023-05-06 00:00:00
1199	pCloudDrive/Photos/faglar/sabygard-230506/DSC_0439.JPG	\N	2023-05-06 00:00:00
1200	pCloudDrive/Photos/faglar/sabygard-230506/DSC_0440.JPG	\N	2023-05-06 00:00:00
1201	pCloudDrive/Photos/faglar/sabygard-230506/DSC_0441.JPG	\N	2023-05-06 00:00:00
1202	pCloudDrive/Photos/faglar/sabygard-230506/DSC_0442.JPG	\N	2023-05-06 00:00:00
1203	pCloudDrive/Photos/faglar/sabygard-230506/DSC_0443-fixad-centrerad.JPG	\N	2023-05-06 00:00:00
1204	pCloudDrive/Photos/faglar/sabygard-230506/DSC_0443-fixad.JPG	\N	2023-05-06 00:00:00
1205	pCloudDrive/Photos/faglar/sabygard-230506/DSC_0443.JPG	\N	2023-05-06 00:00:00
1206	pCloudDrive/Photos/faglar/sabygard-230506/DSC_0444.JPG	\N	2023-05-06 00:00:00
1207	pCloudDrive/Photos/faglar/sabygard-230506/DSC_0445.JPG	\N	2023-05-06 00:00:00
1208	pCloudDrive/Photos/faglar/sabygard-230506/DSC_0448.JPG	\N	2023-05-06 00:00:00
1209	pCloudDrive/Photos/faglar/sabygard-230506/DSC_0449.JPG	\N	2023-05-06 00:00:00
1210	pCloudDrive/Photos/faglar/sabygard-230506/DSC_0450.JPG	\N	2023-05-06 00:00:00
1211	pCloudDrive/Photos/faglar/sabygard-230506/DSC_0451.JPG	\N	2023-05-06 00:00:00
1212	pCloudDrive/Photos/faglar/sabygard-230506/DSC_0452.JPG	\N	2023-05-06 00:00:00
1213	pCloudDrive/Photos/faglar/sabygard-230506/DSC_0453.JPG	\N	2023-05-06 00:00:00
1214	pCloudDrive/Photos/faglar/sabygard-230506/DSC_0454.JPG	\N	2023-05-06 00:00:00
1215	pCloudDrive/Photos/faglar/sabygard-230506/DSC_0455.JPG	\N	2023-05-06 00:00:00
1216	pCloudDrive/Photos/faglar/sabygard-230506/DSC_0457.JPG	\N	2023-05-06 00:00:00
1217	pCloudDrive/Photos/faglar/sabygard-230506/DSC_0458.JPG	\N	2023-05-06 00:00:00
1218	pCloudDrive/Photos/faglar/sidensvans-uskavi-230205/DSC_0027_5.JPG	\N	2023-02-05 00:00:00
1219	pCloudDrive/Photos/faglar/sidensvans-uskavi-230205/DSC_0028_5.JPG	\N	2023-02-05 00:00:00
1220	pCloudDrive/Photos/faglar/sidensvans-uskavi-230205/DSC_0029_5.JPG	\N	2023-02-05 00:00:00
1221	pCloudDrive/Photos/faglar/sidensvans-uskavi-230205/DSC_0030_4.JPG	\N	2023-02-05 00:00:00
1222	pCloudDrive/Photos/faglar/sidensvans-uskavi-230205/DSC_0031_4.JPG	\N	2023-02-05 00:00:00
1223	pCloudDrive/Photos/faglar/sidensvans-uskavi-230205/DSC_0032_4.JPG	\N	2023-02-05 00:00:00
1224	pCloudDrive/Photos/faglar/sidensvans-uskavi-230205/DSC_0033_4.JPG	\N	2023-02-05 00:00:00
1225	pCloudDrive/Photos/faglar/silltrut-brostugan-230729/20230729_162900.jpg	\N	2023-07-29 00:00:00
1226	pCloudDrive/Photos/faglar/silltrut-brostugan-230729/20230729_162904.jpg	\N	2023-07-29 00:00:00
1227	pCloudDrive/Photos/faglar/silltrut-brostugan-230729/fargfixad.jpg	\N	2023-07-29 00:00:00
1228	pCloudDrive/Photos/faglar/skaggmes-tyreso-230122/DSC_0003_7.JPG	\N	2023-01-22 00:00:00
1229	pCloudDrive/Photos/faglar/skaggmes-tyreso-230122/DSC_0004_7.JPG	\N	2023-01-22 00:00:00
1230	pCloudDrive/Photos/faglar/skaggmes-tyreso-230122/DSC_0010_6.JPG	\N	2023-01-22 00:00:00
1231	pCloudDrive/Photos/faglar/skaggmes-tyreso-230122/DSC_0011_6.JPG	\N	2023-01-22 00:00:00
1232	pCloudDrive/Photos/faglar/skaggmes-tyreso-230122/DSC_0015_5.JPG	\N	2023-01-22 00:00:00
1233	pCloudDrive/Photos/faglar/skaggmes-tyreso-230122/DSC_0016_3.JPG	\N	2023-01-22 00:00:00
1234	pCloudDrive/Photos/faglar/skaggmes-tyreso-230122/DSC_0017_4.JPG	\N	2023-01-22 00:00:00
1235	pCloudDrive/Photos/faglar/skaggmes-tyreso-230122/DSC_0035_3.JPG	\N	2023-01-22 00:00:00
1236	pCloudDrive/Photos/faglar/skaggmes-tyreso-230122/DSC_0036_2.JPG	\N	2023-01-22 00:00:00
1237	pCloudDrive/Photos/faglar/skaggmes-tyreso-230122/DSC_0038_3.JPG	\N	2023-01-22 00:00:00
1238	pCloudDrive/Photos/faglar/skaggmes-tyreso-230122/DSC_0039_3.JPG	\N	2023-01-22 00:00:00
1239	pCloudDrive/Photos/faglar/skaggmes-tyreso-230122/DSC_0040_3.JPG	\N	2023-01-22 00:00:00
1240	pCloudDrive/Photos/faglar/skaggmes-tyreso-230122/DSC_0041_2.JPG	\N	2023-01-22 00:00:00
1241	pCloudDrive/Photos/faglar/skaggmes-tyreso-230122/DSC_0043_2.JPG	\N	2023-01-22 00:00:00
1242	pCloudDrive/Photos/faglar/skaggmes-tyreso-230122/DSC_0044_2.JPG	\N	2023-01-22 00:00:00
1243	pCloudDrive/Photos/faglar/skaggmes-tyreso-230122/DSC_0045_2.JPG	\N	2023-01-22 00:00:00
1244	pCloudDrive/Photos/faglar/skaggmes-tyreso-230122/DSC_0048.JPG	\N	2023-01-22 00:00:00
1245	pCloudDrive/Photos/faglar/skaggmes-tyreso-230122/DSC_0049_1.JPG	\N	2023-01-22 00:00:00
1246	pCloudDrive/Photos/faglar/skaggmes-tyreso-230122/DSC_1967.JPG	\N	2023-01-22 00:00:00
1247	pCloudDrive/Photos/faglar/skaggmes-tyreso-230122/DSC_1968.JPG	\N	2023-01-22 00:00:00
1248	pCloudDrive/Photos/faglar/skaggmes-tyreso-230122/DSC_1971.JPG	\N	2023-01-22 00:00:00
1249	pCloudDrive/Photos/faglar/skaggmes-tyreso-230122/DSC_1977.JPG	\N	2023-01-22 00:00:00
1250	pCloudDrive/Photos/faglar/skaggmes-tyreso-230122/DSC_1978.JPG	\N	2023-01-22 00:00:00
1251	pCloudDrive/Photos/faglar/skaggmes-tyreso-230122/DSC_1979.JPG	\N	2023-01-22 00:00:00
1252	pCloudDrive/Photos/faglar/skaggmes-tyreso-230122/DSC_1984.JPG	\N	2023-01-22 00:00:00
1253	pCloudDrive/Photos/faglar/skaggmes-tyreso-230122/DSC_1985.JPG	\N	2023-01-22 00:00:00
1254	pCloudDrive/Photos/faglar/skaggmes-tyreso-230122/DSC_1987.JPG	\N	2023-01-22 00:00:00
1255	pCloudDrive/Photos/faglar/skaggmes-tyreso-230122/DSC_1988.JPG	\N	2023-01-22 00:00:00
1256	pCloudDrive/Photos/faglar/sparvuggla-garphyttan-230202/DSC_0002_8.JPG	\N	2023-02-02 00:00:00
1257	pCloudDrive/Photos/faglar/sparvuggla-garphyttan-230202/DSC_0005_8.JPG	\N	2023-02-02 00:00:00
1258	pCloudDrive/Photos/faglar/sparvuggla-garphyttan-230202/DSC_0010_7-edited.JPG	\N	2023-02-02 00:00:00
1259	pCloudDrive/Photos/faglar/sparvuggla-garphyttan-230202/DSC_0010_7.JPG	\N	2023-02-02 00:00:00
1260	pCloudDrive/Photos/faglar/sparvuggla-garphyttan-230202/DSC_0011_7.JPG	\N	2023-02-02 00:00:00
1261	pCloudDrive/Photos/faglar/sparvuggla-garphyttan-230202/DSC_0012_7.JPG	\N	2023-02-02 00:00:00
1262	pCloudDrive/Photos/faglar/sparvuggla-garphyttan-230202/DSC_0013_7.JPG	\N	2023-02-02 00:00:00
1263	pCloudDrive/Photos/faglar/sparvuggla-garphyttan-230202/DSC_0016_4.JPG	\N	2023-02-02 00:00:00
1264	pCloudDrive/Photos/faglar/sparvuggla-garphyttan-230202/DSC_0017_5.JPG	\N	2023-02-02 00:00:00
1265	pCloudDrive/Photos/faglar/sparvuggla-garphyttan-230202/DSC_0017_5-skarpare-unsharp-mask.JPG	\N	2023-02-02 00:00:00
1266	pCloudDrive/Photos/faglar/staket-221227/DSC_1762.JPG	\N	2022-12-27 00:00:00
1267	pCloudDrive/Photos/faglar/staket-221227/DSC_1763.JPG	\N	2022-12-27 00:00:00
1268	pCloudDrive/Photos/faglar/staket-221227/DSC_1764.JPG	\N	2022-12-27 00:00:00
1269	pCloudDrive/Photos/faglar/staket-221227/DSC_1765.JPG	\N	2022-12-27 00:00:00
1270	pCloudDrive/Photos/faglar/staket-221227/DSC_1766.JPG	\N	2022-12-27 00:00:00
1271	pCloudDrive/Photos/faglar/staket-221227/DSC_1767.JPG	\N	2022-12-27 00:00:00
1272	pCloudDrive/Photos/faglar/staket-221227/DSC_1768.JPG	\N	2022-12-27 00:00:00
1273	pCloudDrive/Photos/faglar/strommen-221023/DSC_1527.JPG	\N	2022-10-23 00:00:00
1274	pCloudDrive/Photos/faglar/strommen-221023/DSC_1530.JPG	\N	2022-10-23 00:00:00
1275	pCloudDrive/Photos/faglar/strommen-221023/DSC_1531.JPG	\N	2022-10-23 00:00:00
1276	pCloudDrive/Photos/faglar/strommen-221023/DSC_1532.JPG	\N	2022-10-23 00:00:00
1277	pCloudDrive/Photos/faglar/strommen-221023/DSC_1542.JPG	\N	2022-10-23 00:00:00
1278	pCloudDrive/Photos/faglar/strommen-221023/DSC_1543.JPG	\N	2022-10-23 00:00:00
1279	pCloudDrive/Photos/faglar/strommen-221023/DSC_1545.JPG	\N	2022-10-23 00:00:00
1280	pCloudDrive/Photos/faglar/strommen-221023/DSC_1546.JPG	\N	2022-10-23 00:00:00
1281	pCloudDrive/Photos/faglar/strommen-221023/DSC_1552.JPG	\N	2022-10-23 00:00:00
1282	pCloudDrive/Photos/faglar/toro-240831/DSC_0396.JPG	\N	2024-08-31 00:00:00
1283	pCloudDrive/Photos/faglar/toro-240831/DSC_0399.JPG	\N	2024-08-31 00:00:00
1284	pCloudDrive/Photos/faglar/toro-240831/DSC_0404.JPG	\N	2024-08-31 00:00:00
1285	pCloudDrive/Photos/faglar/toro-240831/DSC_0408.JPG	\N	2024-08-31 00:00:00
1286	pCloudDrive/Photos/faglar/toro-240831/DSC_0409.JPG	\N	2024-08-31 00:00:00
1287	pCloudDrive/Photos/faglar/toro-240831/DSC_0410.JPG	\N	2024-08-31 00:00:00
1288	pCloudDrive/Photos/faglar/toro-240831/DSC_0417.JPG	\N	2024-08-31 00:00:00
1289	pCloudDrive/Photos/faglar/toro-240831/DSC_0419.JPG	\N	2024-08-31 00:00:00
1290	pCloudDrive/Photos/faglar/toro-240831/DSC_0423.JPG	\N	2024-08-31 00:00:00
1291	pCloudDrive/Photos/faglar/toro-240831/DSC_0425.JPG	\N	2024-08-31 00:00:00
1292	pCloudDrive/Photos/faglar/toro-240831/DSC_0427.JPG	\N	2024-08-31 00:00:00
1293	pCloudDrive/Photos/faglar/toro-240831/DSC_0436.JPG	\N	2024-08-31 00:00:00
1294	pCloudDrive/Photos/faglar/toro-240831/DSC_0440.JPG	\N	2024-08-31 00:00:00
1295	pCloudDrive/Photos/faglar/toro-240831/DSC_0467.JPG	\N	2024-08-31 00:00:00
1296	pCloudDrive/Photos/faglar/toro-240831/DSC_0473.JPG	\N	2024-08-31 00:00:00
1297	pCloudDrive/Photos/faglar/toro-240831/DSC_0475.JPG	\N	2024-08-31 00:00:00
1298	pCloudDrive/Photos/faglar/toro-240831/DSC_0477.JPG	\N	2024-08-31 00:00:00
1299	pCloudDrive/Photos/faglar/toro-240831/DSC_0482.JPG	\N	2024-08-31 00:00:00
1300	pCloudDrive/Photos/faglar/toro-240831/DSC_0493.JPG	\N	2024-08-31 00:00:00
1301	pCloudDrive/Photos/faglar/toro-240831/DSC_0496.JPG	\N	2024-08-31 00:00:00
1302	pCloudDrive/Photos/faglar/toro-240831/DSC_0505.JPG	\N	2024-08-31 00:00:00
1303	pCloudDrive/Photos/faglar/toro-240831/DSC_0513.JPG	\N	2024-08-31 00:00:00
1304	pCloudDrive/Photos/faglar/toro-240831/DSC_0515.JPG	\N	2024-08-31 00:00:00
1305	pCloudDrive/Photos/faglar/toro-240831/DSC_0542.JPG	\N	2024-08-31 00:00:00
1306	pCloudDrive/Photos/faglar/toro-240831/DSC_0544.JPG	\N	2024-08-31 00:00:00
1307	pCloudDrive/Photos/faglar/toro-240831/DSC_0551.JPG	\N	2024-08-31 00:00:00
1308	pCloudDrive/Photos/faglar/toro-241007/DSC_0395.JPG	\N	2024-10-07 00:00:00
1309	pCloudDrive/Photos/faglar/toro-241007/DSC_0397.JPG	\N	2024-10-07 00:00:00
1310	pCloudDrive/Photos/faglar/toro-241007/DSC_0402.JPG	\N	2024-10-07 00:00:00
1311	pCloudDrive/Photos/faglar/toro-241007/DSC_0407.JPG	\N	2024-10-07 00:00:00
1312	pCloudDrive/Photos/faglar/toro-241007/DSC_0414.JPG	\N	2024-10-07 00:00:00
1313	pCloudDrive/Photos/faglar/toro-241007/DSC_0419.JPG	\N	2024-10-07 00:00:00
1314	pCloudDrive/Photos/faglar/toro-241007/DSC_0437.JPG	\N	2024-10-07 00:00:00
1315	pCloudDrive/Photos/faglar/toro-241007/DSC_0445.JPG	\N	2024-10-07 00:00:00
1316	pCloudDrive/Photos/faglar/tranerods-mosse-240619/DSC_0003.JPG	\N	2024-06-19 00:00:00
1317	pCloudDrive/Photos/faglar/tranerods-mosse-240619/DSC_0004.JPG	\N	2024-06-19 00:00:00
1318	pCloudDrive/Photos/faglar/tranerods-mosse-240619/DSC_0006.JPG	\N	2024-06-19 00:00:00
1319	pCloudDrive/Photos/faglar/tranerods-mosse-240619/DSC_0008.JPG	\N	2024-06-19 00:00:00
1320	pCloudDrive/Photos/faglar/tranerods-mosse-240619/DSC_0009.JPG	\N	2024-06-19 00:00:00
1321	pCloudDrive/Photos/faglar/tranerods-mosse-240619/DSC_0015.JPG	\N	2024-06-19 00:00:00
1322	pCloudDrive/Photos/faglar/tranerods-mosse-240619/DSC_0033.JPG	\N	2024-06-19 00:00:00
1323	pCloudDrive/Photos/faglar/tranerods-mosse-240619/DSC_0037.JPG	\N	2024-06-19 00:00:00
1324	pCloudDrive/Photos/faglar/tranerods-mosse-240619/DSC_0050.JPG	\N	2024-06-19 00:00:00
1325	pCloudDrive/Photos/faglar/tranerods-mosse-240619/DSC_0060.JPG	\N	2024-06-19 00:00:00
1326	pCloudDrive/Photos/faglar/tranerods-mosse-240619/DSC_0066.JPG	\N	2024-06-19 00:00:00
1327	pCloudDrive/Photos/faglar/tranerods-mosse-240619/DSC_0067.JPG	\N	2024-06-19 00:00:00
1328	pCloudDrive/Photos/faglar/tranerods-mosse-240619/DSC_0073.JPG	\N	2024-06-19 00:00:00
1329	pCloudDrive/Photos/faglar/tysslingen-230415/DSC_0245.JPG	\N	2023-04-15 00:00:00
1330	pCloudDrive/Photos/faglar/tysslingen-230415/DSC_0246.JPG	\N	2023-04-15 00:00:00
1331	pCloudDrive/Photos/faglar/tysslingen-230415/DSC_0247.JPG	\N	2023-04-15 00:00:00
1332	pCloudDrive/Photos/faglar/tysslingen-230415/DSC_0257.JPG	\N	2023-04-15 00:00:00
1333	pCloudDrive/Photos/faglar/tysslingen-230415/DSC_0277.JPG	\N	2023-04-15 00:00:00
1334	pCloudDrive/Photos/faglar/tysslingen-230415/DSC_0278_1.JPG	\N	2023-04-15 00:00:00
1335	pCloudDrive/Photos/faglar/tysslingen-230415/DSC_0280.JPG	\N	2023-04-15 00:00:00
1336	pCloudDrive/Photos/faglar/tysslingen-230415/DSC_0289.JPG	\N	2023-04-15 00:00:00
1337	pCloudDrive/Photos/faglar/tysslingen-230415/DSC_0296.JPG	\N	2023-04-15 00:00:00
1338	pCloudDrive/Photos/faglar/tysslingen-230415/DSC_0297.JPG	\N	2023-04-15 00:00:00
1339	pCloudDrive/Photos/faglar/tysslingen-230415/DSC_0302.JPG	\N	2023-04-15 00:00:00
1340	pCloudDrive/Photos/faglar/tysslingen-230415/DSC_0307.JPG	\N	2023-04-15 00:00:00
1341	pCloudDrive/Photos/faglar/tysslingen-230415/DSC_0320_1.JPG	\N	2023-04-15 00:00:00
1342	pCloudDrive/Photos/faglar/tysslingen-230415/DSC_0321.JPG	\N	2023-04-15 00:00:00
1343	pCloudDrive/Photos/faglar/tysslingen-230415/DSC_0322.JPG	\N	2023-04-15 00:00:00
1344	pCloudDrive/Photos/faglar/tysslingen-230415/DSC_0323.JPG	\N	2023-04-15 00:00:00
1345	pCloudDrive/Photos/faglar/tysslingen-230415/DSC_0324.JPG	\N	2023-04-15 00:00:00
1346	pCloudDrive/Photos/faglar/tysslingen-230415/DSC_0325_1.JPG	\N	2023-04-15 00:00:00
1347	pCloudDrive/Photos/faglar/tysslingen-230415/DSC_0326_1.JPG	\N	2023-04-15 00:00:00
1348	pCloudDrive/Photos/faglar/tysslingen-230415/DSC_0330_1.JPG	\N	2023-04-15 00:00:00
1349	pCloudDrive/Photos/faglar/tysslingen-230415/DSC_0331_1.JPG	\N	2023-04-15 00:00:00
1350	pCloudDrive/Photos/faglar/tysslingen-230415/DSC_0333_1.JPG	\N	2023-04-15 00:00:00
1351	pCloudDrive/Photos/faglar/tysslingen-230415/DSC_0334_1.JPG	\N	2023-04-15 00:00:00
1352	pCloudDrive/Photos/faglar/tysslingen-230415/DSC_0358.JPG	\N	2023-04-15 00:00:00
1353	pCloudDrive/Photos/faglar/tysslingen-230415/DSC_0359.JPG	\N	2023-04-15 00:00:00
1354	pCloudDrive/Photos/faglar/tysslingen-230415/DSC_0361.JPG	\N	2023-04-15 00:00:00
1355	pCloudDrive/Photos/faglar/tysslingen-230415/DSC_0366.JPG	\N	2023-04-15 00:00:00
1356	pCloudDrive/Photos/faglar/tysslingen-230415/DSC_0367.JPG	\N	2023-04-15 00:00:00
1357	pCloudDrive/Photos/faglar/tysslingen-sangsvan230322/20230322_083354.mp4	\N	2023-03-22 00:00:00
1358	pCloudDrive/Photos/faglar/tysslingen-sangsvan230322/20230322_083520.jpg	\N	2023-03-22 00:00:00
1359	pCloudDrive/Photos/faglar/tysslingen-sangsvan230322/20230322_155719.mp4	\N	2023-03-22 00:00:00
1360	pCloudDrive/Photos/faglar/tysslingen-sangsvan230322/20230322_155807.jpg	\N	2023-03-22 00:00:00
1361	pCloudDrive/Photos/faglar/uskavi-220826/DSC_1507.JPG	\N	2022-08-26 00:00:00
1362	pCloudDrive/Photos/faglar/uskavi-220826/DSC_1511.JPG	\N	2022-08-26 00:00:00
1363	pCloudDrive/Photos/faglar/uskavi-220826/DSC_1513.JPG	\N	2022-08-26 00:00:00
1364	pCloudDrive/Photos/faglar/uskavi-220826/DSC_1519.JPG	\N	2022-08-26 00:00:00
1365	pCloudDrive/Photos/faglar/uskavi-220826/DSC_1521.JPG	\N	2022-08-26 00:00:00
1366	pCloudDrive/Photos/faglar/uskavi-220826/DSC_1522.JPG	\N	2022-08-26 00:00:00
1367	pCloudDrive/Photos/faglar/uskavi-220826/DSC_1524.JPG	\N	2022-08-26 00:00:00
1368	pCloudDrive/Photos/faglar/uskavi-220826/DSC_1525.JPG	\N	2022-08-26 00:00:00
1369	pCloudDrive/Photos/faglar/uskavi-220826/DSC_1526.JPG	\N	2022-08-26 00:00:00
1370	pCloudDrive/Photos/faglar/uskavi-220826/DSC_1528.JPG	\N	2022-08-26 00:00:00
1371	pCloudDrive/Photos/faglar/uskavi-220826/DSC_1537.JPG	\N	2022-08-26 00:00:00
1372	pCloudDrive/Photos/faglar/uskavi-220826/DSC_1539.JPG	\N	2022-08-26 00:00:00
1373	pCloudDrive/Photos/faglar/uskavi-220826/DSC_1543.JPG	\N	2022-08-26 00:00:00
1374	pCloudDrive/Photos/faglar/uskavi-220826/DSC_1545.JPG	\N	2022-08-26 00:00:00
1375	pCloudDrive/Photos/faglar/uskavi-220826/DSC_1548.JPG	\N	2022-08-26 00:00:00
1376	pCloudDrive/Photos/faglar/uskavi-220826/DSC_1549.JPG	\N	2022-08-26 00:00:00
1377	pCloudDrive/Photos/faglar/uskavi-220924/signal-2022-09-30-143120_009.jpeg	\N	2022-09-24 00:00:00
1378	pCloudDrive/Photos/faglar/uskavi-220924/signal-2022-09-30-143120_011.jpeg	\N	2022-09-24 00:00:00
1379	pCloudDrive/Photos/faglar/uskavi-220924/signal-2022-09-30-143120_014.jpeg	\N	2022-09-24 00:00:00
1380	pCloudDrive/Photos/faglar/uskavi-220924/signal-2022-09-30-143120_015.jpeg	\N	2022-09-24 00:00:00
1381	pCloudDrive/Photos/faglar/uskavi-220924/signal-2022-09-30-143120_016.jpeg	\N	2022-09-24 00:00:00
1382	pCloudDrive/Photos/faglar/uskavi-220924/signal-2022-09-30-143120_017.jpeg	\N	2022-09-24 00:00:00
1383	pCloudDrive/Photos/faglar/uskavi-220924/signal-2022-09-30-143120_018.jpeg	\N	2022-09-24 00:00:00
1384	pCloudDrive/Photos/faglar/uskavi-220924/signal-2022-09-30-143120_020.jpeg	\N	2022-09-24 00:00:00
1385	pCloudDrive/Photos/faglar/uskavi-220924/signal-2022-09-30-143120_022.jpeg	\N	2022-09-24 00:00:00
1386	pCloudDrive/Photos/faglar/uskavi-220924/signal-2022-09-30-143120_023.jpeg	\N	2022-09-24 00:00:00
1387	pCloudDrive/Photos/faglar/uskavi-231016/DSC_0062.JPG	\N	2023-10-16 00:00:00
1388	pCloudDrive/Photos/faglar/uskavi-231016/DSC_0063.JPG	\N	2023-10-16 00:00:00
1389	pCloudDrive/Photos/faglar/uskavi-231016/DSC_0064.JPG	\N	2023-10-16 00:00:00
1390	pCloudDrive/Photos/faglar/uskavi-231016/DSC_0065.JPG	\N	2023-10-16 00:00:00
1391	pCloudDrive/Photos/faglar/uskavi-231016/DSC_0066.JPG	\N	2023-10-16 00:00:00
1392	pCloudDrive/Photos/faglar/uskavi-231016/DSC_0067.JPG	\N	2023-10-16 00:00:00
1393	pCloudDrive/Photos/faglar/uskavi-231016/DSC_0068.JPG	\N	2023-10-16 00:00:00
1394	pCloudDrive/Photos/faglar/uskavi-231017/DSC_0074.JPG	\N	2023-10-17 00:00:00
1395	pCloudDrive/Photos/faglar/uskavi-231017/DSC_0095.JPG	\N	2023-10-17 00:00:00
1396	pCloudDrive/Photos/faglar/uskavi-231017/DSC_0098.JPG	\N	2023-10-17 00:00:00
1397	pCloudDrive/Photos/faglar/uskavi-231017/DSC_0102.JPG	\N	2023-10-17 00:00:00
1398	pCloudDrive/Photos/faglar/uskavi-231017/DSC_0123.JPG	\N	2023-10-17 00:00:00
1399	pCloudDrive/Photos/faglar/uskavi-231017/DSC_0126.JPG	\N	2023-10-17 00:00:00
1400	pCloudDrive/Photos/faglar/uskavi-231017/DSC_0127.JPG	\N	2023-10-17 00:00:00
1401	pCloudDrive/Photos/faglar/uskavi-231017/DSC_0128.JPG	\N	2023-10-17 00:00:00
1402	pCloudDrive/Photos/faglar/uskavi-231017/DSC_0131.JPG	\N	2023-10-17 00:00:00
1403	pCloudDrive/Photos/faglar/uskavi-231017/DSC_0132.JPG	\N	2023-10-17 00:00:00
1404	pCloudDrive/Photos/faglar/uskavi-231017/DSC_0136.JPG	\N	2023-10-17 00:00:00
1405	pCloudDrive/Photos/faglar/uskavi-231017/DSC_0141.JPG	\N	2023-10-17 00:00:00
1406	pCloudDrive/Photos/faglar/uskavi-231017/DSC_0142.JPG	\N	2023-10-17 00:00:00
1407	pCloudDrive/Photos/faglar/uskavi-231017/DSC_0148.JPG	\N	2023-10-17 00:00:00
1408	pCloudDrive/Photos/faglar/uskavi-231017/DSC_0157.JPG	\N	2023-10-17 00:00:00
1409	pCloudDrive/Photos/faglar/uskavi-231017/DSC_0159.JPG	\N	2023-10-17 00:00:00
1410	pCloudDrive/Photos/faglar/uskavi-231017/DSC_0163.JPG	\N	2023-10-17 00:00:00
1411	pCloudDrive/Photos/faglar/uskavi-231017/DSC_0170.JPG	\N	2023-10-17 00:00:00
1412	pCloudDrive/Photos/faglar/uskavi-231017/DSC_0173.JPG	\N	2023-10-17 00:00:00
1413	pCloudDrive/Photos/faglar/uskavi-231017/DSC_0175.JPG	\N	2023-10-17 00:00:00
1414	pCloudDrive/Photos/faglar/uskavi-231017/DSC_0176.JPG	\N	2023-10-17 00:00:00
1415	pCloudDrive/Photos/faglar/uskavi-231017/DSC_0180.JPG	\N	2023-10-17 00:00:00
1416	pCloudDrive/Photos/faglar/uskavi-231017/DSC_0181.JPG	\N	2023-10-17 00:00:00
1417	pCloudDrive/Photos/faglar/uskavi-231017/DSC_0182.JPG	\N	2023-10-17 00:00:00
1418	pCloudDrive/Photos/faglar/uskavi-231017/DSC_0183.JPG	\N	2023-10-17 00:00:00
1419	pCloudDrive/Photos/faglar/utvalinge-240617/DSC_0961.JPG	\N	2024-06-17 00:00:00
1420	pCloudDrive/Photos/faglar/utvalinge-240617/DSC_0966.JPG	\N	2024-06-17 00:00:00
1421	pCloudDrive/Photos/faglar/utvalinge-240617/DSC_0973.JPG	\N	2024-06-17 00:00:00
1422	pCloudDrive/Photos/faglar/utvalinge-240617/DSC_0976.JPG	\N	2024-06-17 00:00:00
1423	pCloudDrive/Photos/faglar/utvalinge-240617/DSC_0980.JPG	\N	2024-06-17 00:00:00
1424	pCloudDrive/Photos/faglar/utvalinge-240617/DSC_0981.JPG	\N	2024-06-17 00:00:00
1425	pCloudDrive/Photos/faglar/utvalinge-240617/DSC_0985.JPG	\N	2024-06-17 00:00:00
1426	pCloudDrive/Photos/faglar/utvalinge-240617/DSC_0986.JPG	\N	2024-06-17 00:00:00
1427	pCloudDrive/Photos/faglar/utvalinge-240617/DSC_0987.JPG	\N	2024-06-17 00:00:00
1428	pCloudDrive/Photos/faglar/utvalinge-240617/DSC_0994.JPG	\N	2024-06-17 00:00:00
1429	pCloudDrive/Photos/faglar/utvalinge-240617/DSC_0995.JPG	\N	2024-06-17 00:00:00
1430	pCloudDrive/Photos/faglar/utvalinge-240617/DSC_0996.JPG	\N	2024-06-17 00:00:00
1431	pCloudDrive/Photos/faglar/utvalinge-240617/DSC_0997.JPG	\N	2024-06-17 00:00:00
1432	pCloudDrive/Photos/faglar/utvalinge-240617/DSC_0998.JPG	\N	2024-06-17 00:00:00
1433	pCloudDrive/Photos/faglar/utvalinge-240617/DSC_1003.JPG	\N	2024-06-17 00:00:00
1434	pCloudDrive/Photos/faglar/utvalinge-240617/DSC_1004.JPG	\N	2024-06-17 00:00:00
1435	pCloudDrive/Photos/faglar/utvalinge-240617/DSC_1009.JPG	\N	2024-06-17 00:00:00
1436	pCloudDrive/Photos/faglar/utvalinge-240617/DSC_1010.JPG	\N	2024-06-17 00:00:00
1437	pCloudDrive/Photos/faglar/utvalinge-240617/DSC_1011.JPG	\N	2024-06-17 00:00:00
1438	pCloudDrive/Photos/faglar/utvalinge-240617/DSC_1012.JPG	\N	2024-06-17 00:00:00
1439	pCloudDrive/Photos/faglar/utvalinge-240617/DSC_1015.JPG	\N	2024-06-17 00:00:00
1440	pCloudDrive/Photos/faglar/utvalinge-240617/DSC_1016.JPG	\N	2024-06-17 00:00:00
1441	pCloudDrive/Photos/faglar/utvalinge-240617/DSC_1017.JPG	\N	2024-06-17 00:00:00
1442	pCloudDrive/Photos/faglar/utvalinge-240617/DSC_1021.JPG	\N	2024-06-17 00:00:00
1443	pCloudDrive/Photos/faglar/utvalinge-240617/DSC_1023.JPG	\N	2024-06-17 00:00:00
1444	pCloudDrive/Photos/faglar/utvalinge-240617/DSC_1028.JPG	\N	2024-06-17 00:00:00
1445	pCloudDrive/Photos/faglar/utvalinge-240617/DSC_1030.JPG	\N	2024-06-17 00:00:00
1446	pCloudDrive/Photos/faglar/utvalinge-240617/DSC_1035.JPG	\N	2024-06-17 00:00:00
1447	pCloudDrive/Photos/faglar/utvalinge-240617/DSC_1038.JPG	\N	2024-06-17 00:00:00
1448	pCloudDrive/Photos/faglar/utvalinge-240617/DSC_1042.JPG	\N	2024-06-17 00:00:00
1449	pCloudDrive/Photos/faglar/utvalinge-240617/DSC_1046.JPG	\N	2024-06-17 00:00:00
1450	pCloudDrive/Photos/faglar/utvalinge-240617/DSC_1048.JPG	\N	2024-06-17 00:00:00
1451	pCloudDrive/Photos/faglar/utvalinge-240617/DSC_1049.JPG	\N	2024-06-17 00:00:00
1452	pCloudDrive/Photos/faglar/utvalinge-240617/DSC_1053.JPG	\N	2024-06-17 00:00:00
1453	pCloudDrive/Photos/faglar/utvalinge-240617/DSC_1054.JPG	\N	2024-06-17 00:00:00
1454	pCloudDrive/Photos/faglar/utvalinge-240617/DSC_1056.JPG	\N	2024-06-17 00:00:00
1455	pCloudDrive/Photos/faglar/utvalinge-240617/DSC_1057.JPG	\N	2024-06-17 00:00:00
1456	pCloudDrive/Photos/faglar/utvalinge-240617/DSC_1059.JPG	\N	2024-06-17 00:00:00
1457	pCloudDrive/Photos/faglar/vombs-angar-240616/DSC_0473.JPG	\N	2024-06-16 00:00:00
1458	pCloudDrive/Photos/faglar/vombs-angar-240616/DSC_0508.JPG	\N	2024-06-16 00:00:00
1459	pCloudDrive/Photos/faglar/vombs-angar-240616/DSC_0509.JPG	\N	2024-06-16 00:00:00
1460	pCloudDrive/Photos/faglar/vombs-angar-240616/DSC_0511.JPG	\N	2024-06-16 00:00:00
1461	pCloudDrive/Photos/faglar/vombs-angar-240616/DSC_0553.JPG	\N	2024-06-16 00:00:00
1462	pCloudDrive/Photos/faglar/vombs-angar-240616/DSC_0561.JPG	\N	2024-06-16 00:00:00
1463	pCloudDrive/Photos/faglar/vombs-angar-240616/DSC_0568.JPG	\N	2024-06-16 00:00:00
1464	pCloudDrive/Photos/faglar/vombs-angar-240616/DSC_0579.JPG	\N	2024-06-16 00:00:00
1465	pCloudDrive/Photos/faglar/vombs-angar-240616/DSC_0580.JPG	\N	2024-06-16 00:00:00
1466	pCloudDrive/Photos/faglar/vombs-angar-240616/DSC_0586.JPG	\N	2024-06-16 00:00:00
1467	pCloudDrive/Photos/faglar/vombs-angar-240616/DSC_0614.JPG	\N	2024-06-16 00:00:00
1468	pCloudDrive/Photos/faglar/vombs-angar-240616/DSC_0615.JPG	\N	2024-06-16 00:00:00
1469	pCloudDrive/Photos/faglar/vombs-angar-240616/DSC_0616.JPG	\N	2024-06-16 00:00:00
1470	pCloudDrive/Photos/faglar/vombs-angar-240616/DSC_0617.JPG	\N	2024-06-16 00:00:00
1471	pCloudDrive/Photos/faglar/vombs-angar-240616/DSC_0619.JPG	\N	2024-06-16 00:00:00
1472	pCloudDrive/Photos/faglar/vombs-angar-240616/DSC_0621.JPG	\N	2024-06-16 00:00:00
1473	pCloudDrive/Photos/faglar/vombs-angar-240616/DSC_0622.JPG	\N	2024-06-16 00:00:00
1474	pCloudDrive/Photos/faglar/vombs-angar-240616/DSC_0623.JPG	\N	2024-06-16 00:00:00
1475	pCloudDrive/Photos/faglar/vombs-angar-240616/DSC_0632.JPG	\N	2024-06-16 00:00:00
1476	pCloudDrive/Photos/faglar/vombs-angar-240616/DSC_0638.JPG	\N	2024-06-16 00:00:00
1477	pCloudDrive/Photos/faglar/vombs-angar-240616/DSC_0646.JPG	\N	2024-06-16 00:00:00
1478	pCloudDrive/Photos/faglar/vombs-angar-240616/DSC_0647.JPG	\N	2024-06-16 00:00:00
1479	pCloudDrive/Photos/faglar/vombs-angar-240616/DSC_0660.JPG	\N	2024-06-16 00:00:00
1480	pCloudDrive/Photos/faglar/vombs-angar-240616/DSC_0661.JPG	\N	2024-06-16 00:00:00
1481	pCloudDrive/Photos/faglar/vombs-angar-240616/DSC_0702.JPG	\N	2024-06-16 00:00:00
1482	pCloudDrive/Photos/faglar/vombs-angar-240616/DSC_0716.JPG	\N	2024-06-16 00:00:00
1483	pCloudDrive/Photos/faglar/vombs-angar-240616/DSC_0717.JPG	\N	2024-06-16 00:00:00
1484	pCloudDrive/Photos/faglar/vombs-angar-240616/DSC_0718.JPG	\N	2024-06-16 00:00:00
1485	pCloudDrive/Photos/faglar/vombs-angar-240616/DSC_0719.JPG	\N	2024-06-16 00:00:00
1486	pCloudDrive/Photos/faglar/vombs-angar-240616/DSC_0731.JPG	\N	2024-06-16 00:00:00
1487	pCloudDrive/Photos/faglar/vombs-angar-240616/DSC_0732.JPG	\N	2024-06-16 00:00:00
1488	pCloudDrive/Photos/faglar/vombs-angar-240616/DSC_0733.JPG	\N	2024-06-16 00:00:00
1489	pCloudDrive/Photos/faglar/vombs-angar-240616/DSC_0734.JPG	\N	2024-06-16 00:00:00
1490	pCloudDrive/Photos/faglar/vombs-angar-240616/DSC_0735.JPG	\N	2024-06-16 00:00:00
1491	pCloudDrive/Photos/faglar/vombs-angar-240616/DSC_0736.JPG	\N	2024-06-16 00:00:00
1492	pCloudDrive/Photos/faglar/vombs-angar-240616/DSC_0737.JPG	\N	2024-06-16 00:00:00
1493	pCloudDrive/Photos/faglar/vombs-angar-240616/DSC_0742.JPG	\N	2024-06-16 00:00:00
1494	pCloudDrive/Photos/faglar/vombs-angar-240616/DSC_0744.JPG	\N	2024-06-16 00:00:00
1495	pCloudDrive/Photos/faglar/vombs-angar-240616/DSC_0745.JPG	\N	2024-06-16 00:00:00
1496	pCloudDrive/Photos/faglar/vombs-angar-240616/DSC_0746.JPG	\N	2024-06-16 00:00:00
1497	pCloudDrive/Photos/faglar/vombs-angar-240616/DSC_0748.JPG	\N	2024-06-16 00:00:00
1498	pCloudDrive/Photos/faglar/vombs-angar-240616/DSC_0749.JPG	\N	2024-06-16 00:00:00
1499	pCloudDrive/Photos/faglar/vombs-angar-240616/DSC_0750.JPG	\N	2024-06-16 00:00:00
1500	pCloudDrive/Photos/faglar/vombs-angar-240616/DSC_0751.JPG	\N	2024-06-16 00:00:00
1501	pCloudDrive/Photos/faglar/vombs-angar-240616/DSC_0752.JPG	\N	2024-06-16 00:00:00
1502	pCloudDrive/Photos/faglar/vombs-angar-240616/DSC_0753.JPG	\N	2024-06-16 00:00:00
1503	pCloudDrive/Photos/faglar/vombs-angar-240616/DSC_0754.JPG	\N	2024-06-16 00:00:00
1504	pCloudDrive/Photos/faglar/vombs-angar-240616/DSC_0756.JPG	\N	2024-06-16 00:00:00
1505	pCloudDrive/Photos/faglar/vombs-angar-240616/DSC_0757.JPG	\N	2024-06-16 00:00:00
1506	pCloudDrive/Photos/faglar/vombs-angar-240616/DSC_0758.JPG	\N	2024-06-16 00:00:00
1507	pCloudDrive/Photos/faglar/vombs-angar-240616/DSC_0760.JPG	\N	2024-06-16 00:00:00
1508	pCloudDrive/Photos/faglar/vombs-angar-240616/DSC_0761.JPG	\N	2024-06-16 00:00:00
1509	pCloudDrive/Photos/faglar/vombs-angar-240616/DSC_0766.JPG	\N	2024-06-16 00:00:00
1510	pCloudDrive/Photos/faglar/vombs-angar-240616/DSC_0780.JPG	\N	2024-06-16 00:00:00
1511	pCloudDrive/Photos/faglar/vombs-angar-240616/DSC_0786.JPG	\N	2024-06-16 00:00:00
1512	pCloudDrive/Photos/faglar/vombs-angar-240616/DSC_0805.JPG	\N	2024-06-16 00:00:00
1513	pCloudDrive/Photos/faglar/vombs-angar-240616/DSC_0811.JPG	\N	2024-06-16 00:00:00
1514	pCloudDrive/Photos/faglar/vombs-angar-240616/DSC_0812.JPG	\N	2024-06-16 00:00:00
1515	pCloudDrive/Photos/faglar/vombs-angar-240616/DSC_0814.JPG	\N	2024-06-16 00:00:00
1516	pCloudDrive/Photos/faglar/vombs-angar-240616/DSC_0822.JPG	\N	2024-06-16 00:00:00
1517	pCloudDrive/Photos/faglar/vombs-angar-240616/DSC_0827.JPG	\N	2024-06-16 00:00:00
1518	pCloudDrive/Photos/faglar/vombs-angar-240616/DSC_0836.JPG	\N	2024-06-16 00:00:00
1519	pCloudDrive/Photos/faglar/vombs-angar-240616/DSC_0838.JPG	\N	2024-06-16 00:00:00
1520	pCloudDrive/Photos/faglar/vombs-angar-240616/DSC_0840.JPG	\N	2024-06-16 00:00:00
1521	pCloudDrive/Photos/faglar/vombs-angar-240616/DSC_0841.JPG	\N	2024-06-16 00:00:00
1522	pCloudDrive/Photos/faglar/vombs-angar-240616/DSC_0851.JPG	\N	2024-06-16 00:00:00
1523	pCloudDrive/Photos/faglar/vombs-angar-240616/DSC_0861.JPG	\N	2024-06-16 00:00:00
1524	pCloudDrive/Photos/faglar/vombs-angar-240616/DSC_0862.JPG	\N	2024-06-16 00:00:00
1525	pCloudDrive/Photos/faglar/vombs-angar-240616/DSC_0867.JPG	\N	2024-06-16 00:00:00
1526	pCloudDrive/Photos/faglar/vombs-angar-240616/DSC_0880.JPG	\N	2024-06-16 00:00:00
1527	pCloudDrive/Photos/faglar/vombs-angar-240616/DSC_0881.JPG	\N	2024-06-16 00:00:00
1528	pCloudDrive/Photos/faglar/vombs-angar-240616/DSC_0897.JPG	\N	2024-06-16 00:00:00
1529	pCloudDrive/Photos/faglar/vombs-angar-240616/DSC_0898.JPG	\N	2024-06-16 00:00:00
1530	pCloudDrive/Photos/faglar/vombs-angar-240616/DSC_0900.JPG	\N	2024-06-16 00:00:00
1531	pCloudDrive/Photos/faglar/vombs-angar-240616/DSC_0905.JPG	\N	2024-06-16 00:00:00
1532	pCloudDrive/Photos/faglar/fagelbok/and bläsand.JPG	\N	2022-10-08 00:00:00
1533	pCloudDrive/Photos/faglar/fagelbok/and Brunand.JPG	\N	2022-05-20 00:00:00
1534	pCloudDrive/Photos/faglar/fagelbok/and gravänder.JPG	\N	2022-05-01 00:00:00
1535	pCloudDrive/Photos/faglar/fagelbok/and Gräsand, Ukta.JPG	\N	2022-07-26 00:00:00
1536	pCloudDrive/Photos/faglar/fagelbok/and Gräsandsfamilj.JPG	\N	2023-01-07 00:00:00
1537	pCloudDrive/Photos/faglar/fagelbok/and Gräsandsfight Råstasjön.JPG	\N	2021-03-13 00:00:00
1538	pCloudDrive/Photos/faglar/fagelbok/and Herr och fru storskrake Isbladskärret.JPG	\N	2022-05-27 00:00:00
1539	pCloudDrive/Photos/faglar/fagelbok/and Mandarinänder.JPG	\N	2023-02-19 00:00:00
1540	pCloudDrive/Photos/faglar/fagelbok/and Skäggdopping Djurgården 27 maj 2022 (2).JPG	\N	2022-05-27 00:00:00
1541	pCloudDrive/Photos/faglar/fagelbok/and skäggdopping.JPG	\N	2022-05-27 00:00:00
1542	pCloudDrive/Photos/faglar/fagelbok/and skedand (2).JPG	\N	2022-05-27 00:00:00
1543	pCloudDrive/Photos/faglar/fagelbok/and skedand.JPG	\N	2022-05-27 00:00:00
1544	pCloudDrive/Photos/faglar/fagelbok/and skedänder (2).JPG	\N	2022-05-27 00:00:00
1545	pCloudDrive/Photos/faglar/fagelbok/and skedänder (4).JPG	\N	2022-05-27 00:00:00
1546	pCloudDrive/Photos/faglar/fagelbok/and Småskrakar Hundudden (2).JPG	\N	2022-05-27 00:00:00
1547	pCloudDrive/Photos/faglar/fagelbok/and småskrake (2).JPG	\N	2022-05-27 00:00:00
1548	pCloudDrive/Photos/faglar/fagelbok/and småskrake (3).JPG	\N	2022-05-27 00:00:00
1549	pCloudDrive/Photos/faglar/fagelbok/and Småskrake 27 maj Hundudden Djurgården.JPG	\N	2022-05-27 00:00:00
1550	pCloudDrive/Photos/faglar/fagelbok/and småskrake.JPG	\N	2022-05-27 00:00:00
1551	pCloudDrive/Photos/faglar/fagelbok/and snatterand (2).JPG	\N	2022-06-04 00:00:00
1552	pCloudDrive/Photos/faglar/fagelbok/and snatterand (3).JPG	\N	\N
1553	pCloudDrive/Photos/faglar/fagelbok/and snatterand.JPG	\N	2022-06-05 00:00:00
1554	pCloudDrive/Photos/faglar/fagelbok/and Storskrake Djurgården 27 maj.JPG	\N	2022-05-27 00:00:00
1555	pCloudDrive/Photos/faglar/fagelbok/andfågel årta.JPG	\N	2022-06-04 00:00:00
1556	pCloudDrive/Photos/faglar/fagelbok/andfågel Ejder (2).JPG	\N	2022-05-06 00:00:00
1557	pCloudDrive/Photos/faglar/fagelbok/andfågel Ejder.JPG	\N	2022-05-06 00:00:00
1558	pCloudDrive/Photos/faglar/fagelbok/Ängspiplärka 2 april 2021.JPG	\N	2021-04-02 00:00:00
1559	pCloudDrive/Photos/faglar/fagelbok/Ärtsångare, Ottenby.JPG	\N	2022-05-01 00:00:00
1560	pCloudDrive/Photos/faglar/fagelbok/DSC_0227.JPG	\N	2021-04-17 00:00:00
1561	pCloudDrive/Photos/faglar/fagelbok/Fjällvråk.JPG	\N	2023-02-06 00:00:00
1562	pCloudDrive/Photos/faglar/fagelbok/gås bläsgås (2).JPG	\N	\N
1563	pCloudDrive/Photos/faglar/fagelbok/gås bläsgås.JPG	\N	\N
1564	pCloudDrive/Photos/faglar/fagelbok/gås Familjen Vitkindad gås Isbladskärret maj 22.JPG	\N	2022-05-27 00:00:00
1565	pCloudDrive/Photos/faglar/fagelbok/gås grågäss.JPG	\N	2021-09-18 00:00:00
1566	pCloudDrive/Photos/faglar/fagelbok/gås grågås x kanadagås (kanske).JPG	\N	2021-04-08 00:00:00
1567	pCloudDrive/Photos/faglar/fagelbok/gås Spetsbergsgås Tysslingen nov 22.JPG	\N	2022-11-07 00:00:00
1568	pCloudDrive/Photos/faglar/fagelbok/gås Vitkindad gåsfamilj Djurgård.JPG	\N	2022-05-27 00:00:00
1569	pCloudDrive/Photos/faglar/fagelbok/gås vitkindade gäss (2).JPG	\N	2021-09-18 00:00:00
1570	pCloudDrive/Photos/faglar/fagelbok/gås vitkindade gäss.JPG	\N	2023-01-07 00:00:00
1571	pCloudDrive/Photos/faglar/fagelbok/hackspett gröngöling.JPG	\N	2022-05-29 00:00:00
1572	pCloudDrive/Photos/faglar/fagelbok/Havsörn vid Hjälstaviken september 2022 (2).JPG	\N	2022-09-17 00:00:00
1573	pCloudDrive/Photos/faglar/fagelbok/havsörn.JPG	\N	2022-09-17 00:00:00
1574	pCloudDrive/Photos/faglar/fagelbok/häger Familjen gråhäger.JPG	\N	2022-05-27 00:00:00
1575	pCloudDrive/Photos/faglar/fagelbok/häger Gråhäger aug 2022 Hjälstaviken.JPG	\N	2022-08-06 00:00:00
1576	pCloudDrive/Photos/faglar/fagelbok/häger Gråhäger i buskagen, Ukta.JPG	\N	2022-07-02 00:00:00
1577	pCloudDrive/Photos/faglar/fagelbok/häger Gråhäger Råstasjön.JPG	\N	2021-03-13 00:00:00
1578	pCloudDrive/Photos/faglar/fagelbok/häger gråhägrar.JPG	\N	2022-05-27 00:00:00
1579	pCloudDrive/Photos/faglar/fagelbok/Härfågel, Ottenby (1).JPG	\N	2022-04-30 00:00:00
1580	pCloudDrive/Photos/faglar/fagelbok/Härfågel, Ottenby (2).JPG	\N	2022-04-30 00:00:00
1581	pCloudDrive/Photos/faglar/fagelbok/höna rörhöna (2).JPG	\N	2022-05-27 00:00:00
1582	pCloudDrive/Photos/faglar/fagelbok/höna rörhöna (3).JPG	\N	2022-05-27 00:00:00
1583	pCloudDrive/Photos/faglar/fagelbok/höna rörhöna 2.JPG	\N	2022-05-27 00:00:00
1584	pCloudDrive/Photos/faglar/fagelbok/höna Rörhöna Isbladskärret (2).JPG	\N	2022-05-27 00:00:00
1585	pCloudDrive/Photos/faglar/fagelbok/höna sothöna familj.jpg	\N	2021-06-11 00:00:00
1586	pCloudDrive/Photos/faglar/fagelbok/höna Sothöns i mängd Fysingen 2022.JPG	\N	2022-10-08 00:00:00
1587	pCloudDrive/Photos/faglar/fagelbok/kråka Gråkråka Djurgården.JPG	\N	2022-05-27 00:00:00
1588	pCloudDrive/Photos/faglar/fagelbok/kråka Nötkråka, Strbske Pleso (2).JPG	\N	2022-07-10 00:00:00
1589	pCloudDrive/Photos/faglar/fagelbok/kråka Nötkråka, Strbske Pleso.JPG	\N	2022-07-10 00:00:00
1590	pCloudDrive/Photos/faglar/fagelbok/kråka nötskrika (2).JPG	\N	2022-09-29 00:00:00
1591	pCloudDrive/Photos/faglar/fagelbok/kråka nötskrika.JPG	\N	2022-09-29 00:00:00
1592	pCloudDrive/Photos/faglar/fagelbok/mås Dvärgmås juni 2022.JPG	\N	2022-06-03 00:00:00
1593	pCloudDrive/Photos/faglar/fagelbok/mås fisktärna.JPG	\N	2020-05-31 00:00:00
1594	pCloudDrive/Photos/faglar/fagelbok/mås silvertärna juvenil.JPG	\N	2022-07-30 00:00:00
1595	pCloudDrive/Photos/faglar/fagelbok/mås Silvertärna.JPG	\N	2022-05-06 00:00:00
1596	pCloudDrive/Photos/faglar/fagelbok/mås silvertärnor juvenila.JPG	\N	2022-07-30 00:00:00
1597	pCloudDrive/Photos/faglar/fagelbok/mås Skräntärna.JPG	\N	2022-06-04 00:00:00
1598	pCloudDrive/Photos/faglar/fagelbok/mås Ung Skrattmås vid Strömmen oktober 2022.JPG	\N	2022-10-23 00:00:00
1599	pCloudDrive/Photos/faglar/fagelbok/Näktergal (1).JPG	\N	2022-05-29 00:00:00
1600	pCloudDrive/Photos/faglar/fagelbok/Näktergal (2).JPG	\N	2022-05-29 00:00:00
1601	pCloudDrive/Photos/faglar/fagelbok/Sädesärla, nyanländ till Uskavi 2021.JPG	\N	2021-04-20 00:00:00
1602	pCloudDrive/Photos/faglar/fagelbok/Sädesärla, Zakopane.JPG	\N	2022-07-26 00:00:00
1603	pCloudDrive/Photos/faglar/fagelbok/sävsångare hjälstaviken.JPG	\N	2020-05-31 00:00:00
1604	pCloudDrive/Photos/faglar/fagelbok/Sävsparv, Ukta.JPG	\N	2022-07-02 00:00:00
1605	pCloudDrive/Photos/faglar/fagelbok/sångsvan.JPG	\N	2022-05-29 00:00:00
1606	pCloudDrive/Photos/faglar/fagelbok/Sidensvansar Uskavi (2).JPG	\N	2023-02-05 00:00:00
1607	pCloudDrive/Photos/faglar/fagelbok/Sidensvansar Uskavi.JPG	\N	2023-02-05 00:00:00
1608	pCloudDrive/Photos/faglar/fagelbok/signal-2022-08-13-16-49-17-152-17.jpg	\N	2022-08-13 00:00:00
1609	pCloudDrive/Photos/faglar/fagelbok/signal-2022-08-13-16-49-17-152-21.jpg	\N	2022-08-13 00:00:00
1610	pCloudDrive/Photos/faglar/fagelbok/sjö tätting Forsärla, Strbske Pleso.JPG	\N	2022-07-26 00:00:00
1611	pCloudDrive/Photos/faglar/fagelbok/sjö tätting Forsärla, Zakopane (2).JPG	\N	2022-07-26 00:00:00
1612	pCloudDrive/Photos/faglar/fagelbok/sjö tätting Forsärla, Zakopane.JPG	\N	2022-07-26 00:00:00
1613	pCloudDrive/Photos/faglar/fagelbok/sjö tätting forsärla.JPG	\N	2022-07-26 00:00:00
1614	pCloudDrive/Photos/faglar/fagelbok/sjö tätting Vattenpiplärka, Strbske Pleso (2).JPG	\N	2022-07-26 00:00:00
1615	pCloudDrive/Photos/faglar/fagelbok/sjö tätting Vattenpiplärka, Strbske Pleso.JPG	\N	2022-07-26 00:00:00
1616	pCloudDrive/Photos/faglar/fagelbok/sjö tätting Vattenrall Råstasjön.JPG	\N	2021-12-31 00:00:00
1617	pCloudDrive/Photos/faglar/fagelbok/Skarv 2 Hundudden.JPG	\N	2022-05-27 00:00:00
1618	pCloudDrive/Photos/faglar/fagelbok/Skarv 3 Hundudden.JPG	\N	2022-05-27 00:00:00
1619	pCloudDrive/Photos/faglar/fagelbok/skarv Storskarv i Polen.JPG	\N	2022-07-26 00:00:00
1620	pCloudDrive/Photos/faglar/fagelbok/Skarven visar upp sig men vi tittar inte!.JPG	\N	\N
1621	pCloudDrive/Photos/faglar/fagelbok/starar.JPG	\N	\N
1622	pCloudDrive/Photos/faglar/fagelbok/Stare Hjälstaviken.JPG	\N	\N
1623	pCloudDrive/Photos/faglar/fagelbok/stegiltser.JPG	\N	2021-09-18 00:00:00
1624	pCloudDrive/Photos/faglar/fagelbok/Steglits (2).jpg	\N	2021-04-07 00:00:00
1625	pCloudDrive/Photos/faglar/fagelbok/Steglits (3).jpg	\N	2022-11-07 00:00:00
1626	pCloudDrive/Photos/faglar/fagelbok/Steglits (4).jpg	\N	2022-11-07 00:00:00
1627	pCloudDrive/Photos/faglar/fagelbok/Steglits 2.jpg	\N	2022-11-07 00:00:00
1628	pCloudDrive/Photos/faglar/fagelbok/Steglits i Hjälstaviken (2).JPG	\N	2022-08-07 00:00:00
1629	pCloudDrive/Photos/faglar/fagelbok/Steglits, Sörgårdsskolan april 2021.jpg	\N	2021-04-07 00:00:00
1630	pCloudDrive/Photos/faglar/fagelbok/Steglits.jpg	\N	2022-08-07 00:00:00
1631	pCloudDrive/Photos/faglar/fagelbok/Steglitssvärm (2).JPG	\N	2021-09-18 00:00:00
1632	pCloudDrive/Photos/faglar/fagelbok/Steglitssvärm (3).JPG	\N	2021-09-18 00:00:00
1633	pCloudDrive/Photos/faglar/fagelbok/Steglitssvärm.JPG	\N	2021-09-18 00:00:00
1634	pCloudDrive/Photos/faglar/fagelbok/stjärtmes (2).JPG	\N	2022-09-24 00:00:00
1635	pCloudDrive/Photos/faglar/fagelbok/stjärtmes (3).JPG	\N	2022-09-24 00:00:00
1636	pCloudDrive/Photos/faglar/fagelbok/stjärtmes.JPG	\N	2022-09-24 00:00:00
1637	pCloudDrive/Photos/faglar/fagelbok/Stork, Ukta.JPG	\N	2022-07-02 00:00:00
1638	pCloudDrive/Photos/faglar/fagelbok/storskrake och vitkindad gås.JPG	\N	2022-05-27 00:00:00
1639	pCloudDrive/Photos/faglar/fagelbok/större hackspett hemma.jpg	\N	2021-03-11 00:00:00
1640	pCloudDrive/Photos/faglar/fagelbok/Strandskata.JPG	\N	2022-05-06 00:00:00
1641	pCloudDrive/Photos/faglar/fagelbok/Strorskarv, Ukta.JPG	\N	2022-07-26 00:00:00
1642	pCloudDrive/Photos/faglar/fagelbok/strömstare (2).jpg	\N	2021-03-20 00:00:00
1643	pCloudDrive/Photos/faglar/fagelbok/strömstare (3).jpg	\N	2021-03-20 00:00:00
1644	pCloudDrive/Photos/faglar/fagelbok/strömstare (4).jpg	\N	2021-03-20 00:00:00
1645	pCloudDrive/Photos/faglar/fagelbok/strömstare (5).jpg	\N	2021-03-20 00:00:00
1646	pCloudDrive/Photos/faglar/fagelbok/strömstare.jpg	\N	2021-03-20 00:00:00
1647	pCloudDrive/Photos/faglar/fagelbok/Strömstare mars 2021.JPG	\N	2021-03-20 00:00:00
1648	pCloudDrive/Photos/faglar/fagelbok/svan Knölsvan förälder och barn.JPG	\N	\N
1649	pCloudDrive/Photos/faglar/fagelbok/Svart rödstjärt, Tatranska Strba (2).JPG	\N	2022-07-12 00:00:00
1650	pCloudDrive/Photos/faglar/fagelbok/Svart rödstjärt, Tatranska Strba (3).JPG	\N	2022-07-12 00:00:00
1651	pCloudDrive/Photos/faglar/fagelbok/Svart rödstjärt, Tatranska Strba.JPG	\N	2022-07-12 00:00:00
1652	pCloudDrive/Photos/faglar/fagelbok/Svarthakedopping, Kyrksjön.JPG	\N	2022-08-07 00:00:00
1653	pCloudDrive/Photos/faglar/fagelbok/Svartmes, Strbske Pleso (2).JPG	\N	2022-07-26 00:00:00
1654	pCloudDrive/Photos/faglar/fagelbok/Svartmes, Strbske Pleso.JPG	\N	2022-07-26 00:00:00
1655	pCloudDrive/Photos/faglar/fagelbok/svartsnäppa, antagligen juvenil.JPG	\N	2022-09-17 00:00:00
1656	pCloudDrive/Photos/faglar/fagelbok/Talgoxe i äppelträdet.JPG	\N	2022-11-22 00:00:00
1657	pCloudDrive/Photos/faglar/fagelbok/Taltrast, Strbske Pleso (2).JPG	\N	2022-07-10 00:00:00
1658	pCloudDrive/Photos/faglar/fagelbok/Taltrast, Strbske Pleso.JPG	\N	2022-07-10 00:00:00
1659	pCloudDrive/Photos/faglar/fagelbok/tättiing gransångare.JPG	\N	2020-09-11 00:00:00
1660	pCloudDrive/Photos/faglar/fagelbok/tättiing Törnskata 4 juni 2022.JPG	\N	2022-06-04 00:00:00
1661	pCloudDrive/Photos/faglar/fagelbok/tätting blåmes (2).JPG	\N	2022-08-14 00:00:00
1662	pCloudDrive/Photos/faglar/fagelbok/tätting blåmes.JPG	\N	2023-01-15 00:00:00
1663	pCloudDrive/Photos/faglar/fagelbok/tätting buskskvätta.JPG	\N	2022-06-04 00:00:00
1664	pCloudDrive/Photos/faglar/fagelbok/tätting domherre (2).JPG	\N	2023-01-15 00:00:00
1665	pCloudDrive/Photos/faglar/fagelbok/tätting domherre.JPG	\N	2023-01-15 00:00:00
1666	pCloudDrive/Photos/faglar/fagelbok/tätting Entita Fysingen.JPG	\N	2023-01-07 00:00:00
1667	pCloudDrive/Photos/faglar/fagelbok/tätting entita och grönsiska.JPG	\N	2023-01-15 00:00:00
1668	pCloudDrive/Photos/faglar/fagelbok/tätting Gråsparvar och pilfinkar.JPG	\N	2023-01-07 00:00:00
1669	pCloudDrive/Photos/faglar/fagelbok/tätting grönfink (antagligen).JPG	\N	2021-03-18 00:00:00
1670	pCloudDrive/Photos/faglar/fagelbok/tätting grönfink juvenil.JPG	\N	2022-09-29 00:00:00
1671	pCloudDrive/Photos/faglar/fagelbok/tätting grönfinkar broängarna (2).JPG	\N	2022-10-16 00:00:00
1672	pCloudDrive/Photos/faglar/fagelbok/tätting grönfinkar broängarna.JPG	\N	2022-10-16 00:00:00
1673	pCloudDrive/Photos/faglar/fagelbok/tätting grönsiska.JPG	\N	2023-01-15 00:00:00
1674	pCloudDrive/Photos/faglar/fagelbok/tätting Gulsparvar.JPG	\N	2023-01-07 00:00:00
1675	pCloudDrive/Photos/faglar/fagelbok/tätting Halsbandsflugsnappare Ottenby.JPG	\N	2022-05-04 00:00:00
1676	pCloudDrive/Photos/faglar/fagelbok/tätting Hämpling 2.JPG	\N	2022-05-01 00:00:00
1677	pCloudDrive/Photos/faglar/fagelbok/tätting Hämpling.JPG	\N	2022-05-01 00:00:00
1678	pCloudDrive/Photos/faglar/fagelbok/tätting Ladusvala.JPG	\N	2022-05-06 00:00:00
1679	pCloudDrive/Photos/faglar/fagelbok/tätting Lövsångare (2).JPG	\N	2022-05-01 00:00:00
1680	pCloudDrive/Photos/faglar/fagelbok/tätting Lövsångare.JPG	\N	2022-05-01 00:00:00
1681	pCloudDrive/Photos/faglar/fagelbok/tätting Nötväcka.JPG	\N	2022-11-07 00:00:00
1682	pCloudDrive/Photos/faglar/fagelbok/tätting rödhake (2).JPG	\N	2022-11-09 00:00:00
1683	pCloudDrive/Photos/faglar/fagelbok/tätting rödhake.JPG	\N	2022-11-09 00:00:00
1684	pCloudDrive/Photos/faglar/fagelbok/tätting Rödstjärt 2 Ukta.JPG	\N	2022-07-26 00:00:00
1685	pCloudDrive/Photos/faglar/fagelbok/tätting Rödstjärt, hane, Ukta.JPG	\N	2022-07-26 00:00:00
1686	pCloudDrive/Photos/faglar/fagelbok/tätting Rödstjärt, hona, Ukta.JPG	\N	2022-07-26 00:00:00
1687	pCloudDrive/Photos/faglar/fagelbok/tätting Rödstjärtpar, Ukta.JPG	\N	2022-07-26 00:00:00
1688	pCloudDrive/Photos/faglar/fagelbok/tätting Skäggmes hane och hona.JPG	\N	2023-01-22 00:00:00
1689	pCloudDrive/Photos/faglar/fagelbok/tätting Skäggmes.JPG	\N	2023-01-22 00:00:00
1690	pCloudDrive/Photos/faglar/fagelbok/tättingtörnskata.JPG	\N	2022-06-23 00:00:00
1691	pCloudDrive/Photos/faglar/fagelbok/tofsvipa (2).JPG	\N	2022-05-27 00:00:00
1692	pCloudDrive/Photos/faglar/fagelbok/tofsvipa (3).JPG	\N	2022-05-27 00:00:00
1693	pCloudDrive/Photos/faglar/fagelbok/tofsvipa (4).JPG	\N	2022-05-27 00:00:00
1694	pCloudDrive/Photos/faglar/fagelbok/tofsvipa (5).JPG	\N	2022-05-27 00:00:00
1695	pCloudDrive/Photos/faglar/fagelbok/tofsvipa.JPG	\N	2022-05-27 00:00:00
1696	pCloudDrive/Photos/faglar/fagelbok/tofsvipa, Säby gård.JPG	\N	2022-05-23 00:00:00
1697	pCloudDrive/Photos/faglar/fagelbok/Tornfalk (2).JPG	\N	2022-07-30 00:00:00
1698	pCloudDrive/Photos/faglar/fagelbok/Tornfalk.JPG	\N	2022-07-30 00:00:00
1699	pCloudDrive/Photos/faglar/fagelbok/trana.JPG	\N	2021-04-22 00:00:00
1700	pCloudDrive/Photos/faglar/fagelbok/trast Björktrast Djurgården.JPG	\N	2022-05-27 00:00:00
1701	pCloudDrive/Photos/faglar/fagelbok/trast Ev dubbeltrast Zakopane.JPG	\N	\N
1702	pCloudDrive/Photos/faglar/fagelbok/trast Familj Koltrasthane matar sin unge.JPG	\N	2022-07-26 00:00:00
1703	pCloudDrive/Photos/faglar/fagelbok/trast koltrast.JPG	\N	2021-03-18 00:00:00
1704	pCloudDrive/Photos/faglar/fagelbok/Trast, björktrastunge (2).JPG	\N	2023-07-08 00:00:00
1705	pCloudDrive/Photos/faglar/fagelbok/Tätting Rödvingetrast.JPG	\N	2023-05-06 00:00:00
1706	pCloudDrive/Photos/faglar/fagelbok/Tätting, Lappsparv.JPG	\N	2023-07-10 00:00:00
1707	pCloudDrive/Photos/faglar/fagelbok/uggla hökuggla221230.JPG	\N	2022-12-30 00:00:00
1708	pCloudDrive/Photos/faglar/fagelbok/uggla Kattuggla, Sörskogen.JPG	\N	2021-04-06 00:00:00
1709	pCloudDrive/Photos/faglar/fagelbok/Uggla, Kattuggla.JPG	\N	2023-05-06 00:00:00
1710	pCloudDrive/Photos/faglar/fagelbok/vadare Brushane.JPG	\N	\N
1711	pCloudDrive/Photos/faglar/fagelbok/vadare Dammsnäppa.JPG	\N	2022-06-04 00:00:00
1712	pCloudDrive/Photos/faglar/fagelbok/vadare Grönbena.JPG	\N	2022-07-27 00:00:00
1713	pCloudDrive/Photos/faglar/fagelbok/vadare mindre strandpipare.JPG	\N	2022-06-04 00:00:00
1714	pCloudDrive/Photos/faglar/fagelbok/vadare rödbena (2).JPG	\N	2022-06-04 00:00:00
1715	pCloudDrive/Photos/faglar/fagelbok/vadare rödbena kanske.JPG	\N	2022-06-04 00:00:00
1716	pCloudDrive/Photos/faglar/fagelbok/vadare Rödspov (2).JPG	\N	2022-05-06 00:00:00
1717	pCloudDrive/Photos/faglar/fagelbok/vadare Rödspov.JPG	\N	2022-05-06 00:00:00
1718	pCloudDrive/Photos/faglar/fagelbok/vadare Spovsnäppa.JPG	\N	2022-08-07 00:00:00
\.


--
-- Data for Name: printout; Type: TABLE DATA; Schema: public; Owner: postgres
--

COPY public.printout (book_id, photo_id, page) FROM stdin;
\.


--
-- Data for Name: region; Type: TABLE DATA; Schema: public; Owner: postgres
--

COPY public.region (region_id, name) FROM stdin;
1	Åkeshov
2	Ammarnäs, Lappland
3	Ångermanland
4	Botkyrka
5	Djurgården
6	Ekerö
7	Enköping
8	Garphyttan, Närke
9	Gävle
10	Göteborg
11	Grangärde, Ludvika
12	Grimsta, Stockholm
13	Håbo 
14	Haninge
15	Hemma
16	Huddinge
17	Jämtland
18	Järfälla
19	Järvafältet
20	Kärsön, Ekerö
21	Lappland 
22	Ledskär
23	Linköping
24	Łomża County, Polen
25	Närke
26	Nora, Västmanland
27	Norrtälje
28	Nynäshamn
29	Öland
30	Örebro
31	Östergötland
32	Pisz, Polen
33	Podhale, Polen
34	Polen
35	Prešov, Slovakien
36	Rosersberg
37	Rådmansö
38	Sigtuna 
39	Skåne
40	Småland
41	Solna
42	Sorsele
43	Stockholm
44	Stora skuggan, Stockholm
45	Täby
46	Tierp
47	Tiveden
48	Tyresö
49	Tyresö slott, Tyresö
50	Tyresta
51	Uppland
52	Upplands Bro
53	Uppsala
54	Uskavi, Närke
55	Vallentuna
56	Vällingby
57	Västerås
58	Västergötland
59	Västmanland
\.


--
-- Data for Name: species; Type: TABLE DATA; Schema: public; Owner: postgres
--

COPY public.species (species_id, name, category_id) FROM stdin;
1	Grågås	3
2	Kanadagås	3
3	Vitkindad gås	3
4	Skedand	2
5	Fisktärna	33
6	Fiskmås	32
7	Skrattmås	32
8	Gråtrut	34
9	Havstrut	34
10	Silltrut	34
11	Gräsand	2
12	Sångsvan	1
13	Tofsvipa	31
14	Brun kärrhök	12
15	Sothöna	23
16	Ringduva	5
17	Kråka	46
18	Skata	46
19	Björktrast	29
20	Koltrast	29
21	Talgoxe	27
22	Bofink	28
23	Pilfink	28
24	Nötskrika	46
25	Lövsångare	26
26	Havsörn	8
27	Spillkråka	11
28	Tornseglare	17
29	Fiskgjuse	12
30	Gråhäger	49
31	Fasan	13
32	Trana	22
33	Tamduva	5
34	Sädesärla	50
35	Gråsparv	41
36	Kaja	46
37	Sävsångare	26
38	Skäggdopping	4
39	Svarthakedopping	4
40	Ladusvala	43
41	Storlom	14
42	Storskrake	2
43	Stare	48
44	Hussvala	43
45	Större hackspett	11
46	Knölsvan	1
47	Nötväcka	48
48	Ormvråk	7
49	Gulärla	50
50	Tornfalk	6
51	Blåmes	27
52	Steglits	28
53	Grå flugsnappare	44
54	Entita	27
55	Skogsduva	5
56	Storskarv	51
57	Buskskvätta	44
58	Grönsiska	28
59	Stenknäck	28
60	Tjäder	13
61	Domherre	28
62	Vigg	2
63	Knipa	2
64	Sidensvans	48
65	Grönfink	28
66	Strömstare	48
67	Sävsparv	41
68	Ängspiplärka	45
69	Korp	46
70	Rödhake	44
71	Gulsparv	41
72	Trädkrypare	48
73	Bläsand	2
74	Kricka	2
75	Sånglärka	42
76	Svarthätta	26
77	Forsärla	50
78	Svartvit flugsnappare	44
79	Gröngöling	11
80	Gransångare	26
81	Ärtsångare	26
82	Kornknarr	23
83	Brushane	31
84	Sparvuggla	30
85	Talltita	27
86	Stjärtmes	27
87	Vattenrall	23
88	Taltrast	29
89	Härfågel	16
90	Rödstjärt	44
91	Hämpling	28
92	Gravand	2
93	Rödspov	35
94	Ljungpipare	37
95	Råka	46
96	Strandskata	31
97	Halsbandsflugsnappare	44
98	Ejder	2
99	Silvertärna	33
100	Brunand	2
101	Rörhöna	23
102	Småskrake	2
103	Snatterand	2
104	Trädgårdssångare	26
105	Näktergal	44
106	Enkelbeckasin	39
107	Svarttärna	33
108	Dvärgmås	32
109	Rödbena	36
110	Törnskata	48
111	Årta	2
112	Mindre strandpipare	37
113	Dammsnäppa	36
114	Rördrom	49
115	Gärdsmyg	48
116	Vit stork	19
117	Trastsångare	26
118	Turkduva	5
119	Kärrsångare	26
120	Rörsångare	26
121	Dubbeltrast	29
122	Järnsparv	41
123	Svartmes	27
124	Nötkråka	46
125	Svart rödstjärt	44
126	Drillsnäppa	36
127	Ägretthäger	49
128	Skräntärna	32
129	Spovsnäppa	36
130	Svartsnäppa	36
131	Myrspov	35
132	Kärrsnäppa	36
133	Gluttsnäppa	36
134	Mosnäppa	36
135	Grönbena	36
136	Småfläckig sumphöna	23
137	Större strandpipare	37
138	Kustsnäppa	36
139	Duvhök	12
140	Kungsfågel	48
141	Blåhake	44
142	Kattuggla	30
143	Smådopping	4
144	Sädgås	3
145	Bläsgås	3
146	Fjällgås	3
147	Gråsiska	28
148	Spetsbergsgås	3
149	Kungsfiskare	16
150	Hökuggla	30
151	Sparvhök	12
152	Skäggmes	27
153	Skäggtärna	32
154	Mandarinand	2
155	Tofsmes	27
156	Fjällvråk	7
157	Kaspisk trut	32
158	Salskrake	2
159	Snösparv	41
160	Rapphöna	13
161	Mindre sångsvan	1
162	Varfågel	48
163	Stjärtand	2
164	Sjöorre	2
165	Skogssnäppa	36
166	Storspov	35
167	Orre	13
168	Rödvingetrast	29
169	Småsnäppa	36
170	Smålom	14
171	Lärkfalk	6
172	Gök	10
173	Göktyta	11
174	Grönsångare	26
175	Bergand	2
176	Bergfink	28
177	Småspov	35
178	Lappsparv	41
179	Dalripa	13
180	Morkulla	36
181	Mindre korsnäbb	28
182	Större korsnäbb	28
183	Svärta	2
184	Kustpipare	37
185	Pilgrimsfalk	6
186	Kungsörn	8
187	Jaktfalk	6
188	Skärfläcka	31
189	Alfågel	2
190	Stenskvätta	44
191	Röd glada	12
192	Skärsnäppa	36
193	Gråhakedopping	4
194	Roskarl	36
195	Tobisgrissla	40
196	Stäpphök	12
197	Busksångare	26
198	Törnsångare	26
199	Backsvala	43
200	Styltlöpare	31
201	Biätare	16
202	Kentsk tärna	33
203	Trädpiplärka	45
\.


--
-- Name: book_book_id_seq; Type: SEQUENCE SET; Schema: public; Owner: postgres
--

SELECT pg_catalog.setval('public.book_book_id_seq', 1, true);


--
-- Name: category_category_id_seq; Type: SEQUENCE SET; Schema: public; Owner: postgres
--

SELECT pg_catalog.setval('public.category_category_id_seq', 51, true);


--
-- Name: config_config_id_seq; Type: SEQUENCE SET; Schema: public; Owner: postgres
--

SELECT pg_catalog.setval('public.config_config_id_seq', 1, true);


--
-- Name: location_location_id_seq; Type: SEQUENCE SET; Schema: public; Owner: postgres
--

SELECT pg_catalog.setval('public.location_location_id_seq', 111, true);


--
-- Name: observation_observation_id_seq; Type: SEQUENCE SET; Schema: public; Owner: postgres
--

SELECT pg_catalog.setval('public.observation_observation_id_seq', 1917, true);


--
-- Name: observation_type_observation_type_id_seq; Type: SEQUENCE SET; Schema: public; Owner: postgres
--

SELECT pg_catalog.setval('public.observation_type_observation_type_id_seq', 8, true);


--
-- Name: photo_photo_id_seq; Type: SEQUENCE SET; Schema: public; Owner: postgres
--

SELECT pg_catalog.setval('public.photo_photo_id_seq', 1718, true);


--
-- Name: region_region_id_seq; Type: SEQUENCE SET; Schema: public; Owner: postgres
--

SELECT pg_catalog.setval('public.region_region_id_seq', 59, true);


--
-- Name: species_species_id_seq; Type: SEQUENCE SET; Schema: public; Owner: postgres
--

SELECT pg_catalog.setval('public.species_species_id_seq', 203, true);


--
-- Name: book book_date_key; Type: CONSTRAINT; Schema: public; Owner: postgres
--

ALTER TABLE ONLY public.book
    ADD CONSTRAINT book_date_key UNIQUE (date);


--
-- Name: book book_pkey; Type: CONSTRAINT; Schema: public; Owner: postgres
--

ALTER TABLE ONLY public.book
    ADD CONSTRAINT book_pkey PRIMARY KEY (book_id);


--
-- Name: category category_name_key; Type: CONSTRAINT; Schema: public; Owner: postgres
--

ALTER TABLE ONLY public.category
    ADD CONSTRAINT category_name_key UNIQUE (name);


--
-- Name: category category_pkey; Type: CONSTRAINT; Schema: public; Owner: postgres
--

ALTER TABLE ONLY public.category
    ADD CONSTRAINT category_pkey PRIMARY KEY (category_id);


--
-- Name: config config_pkey; Type: CONSTRAINT; Schema: public; Owner: postgres
--

ALTER TABLE ONLY public.config
    ADD CONSTRAINT config_pkey PRIMARY KEY (config_id);


--
-- Name: location location_name_region_id_key; Type: CONSTRAINT; Schema: public; Owner: postgres
--

ALTER TABLE ONLY public.location
    ADD CONSTRAINT location_name_region_id_key UNIQUE (name, region_id);


--
-- Name: location location_pkey; Type: CONSTRAINT; Schema: public; Owner: postgres
--

ALTER TABLE ONLY public.location
    ADD CONSTRAINT location_pkey PRIMARY KEY (location_id);


--
-- Name: observation observation_pkey; Type: CONSTRAINT; Schema: public; Owner: postgres
--

ALTER TABLE ONLY public.observation
    ADD CONSTRAINT observation_pkey PRIMARY KEY (observation_id);


--
-- Name: observation_type observation_type_pkey; Type: CONSTRAINT; Schema: public; Owner: postgres
--

ALTER TABLE ONLY public.observation_type
    ADD CONSTRAINT observation_type_pkey PRIMARY KEY (observation_type_id);


--
-- Name: photo photo_file_path_key; Type: CONSTRAINT; Schema: public; Owner: postgres
--

ALTER TABLE ONLY public.photo
    ADD CONSTRAINT photo_file_path_key UNIQUE (file_path);


--
-- Name: photo photo_image_data_key; Type: CONSTRAINT; Schema: public; Owner: postgres
--

ALTER TABLE ONLY public.photo
    ADD CONSTRAINT photo_image_data_key UNIQUE (image_data);


--
-- Name: photo photo_pkey; Type: CONSTRAINT; Schema: public; Owner: postgres
--

ALTER TABLE ONLY public.photo
    ADD CONSTRAINT photo_pkey PRIMARY KEY (photo_id);


--
-- Name: printout printout_pkey; Type: CONSTRAINT; Schema: public; Owner: postgres
--

ALTER TABLE ONLY public.printout
    ADD CONSTRAINT printout_pkey PRIMARY KEY (book_id, photo_id, page);


--
-- Name: region region_name_key; Type: CONSTRAINT; Schema: public; Owner: postgres
--

ALTER TABLE ONLY public.region
    ADD CONSTRAINT region_name_key UNIQUE (name);


--
-- Name: region region_pkey; Type: CONSTRAINT; Schema: public; Owner: postgres
--

ALTER TABLE ONLY public.region
    ADD CONSTRAINT region_pkey PRIMARY KEY (region_id);


--
-- Name: species species_name_key; Type: CONSTRAINT; Schema: public; Owner: postgres
--

ALTER TABLE ONLY public.species
    ADD CONSTRAINT species_name_key UNIQUE (name);


--
-- Name: species species_pkey; Type: CONSTRAINT; Schema: public; Owner: postgres
--

ALTER TABLE ONLY public.species
    ADD CONSTRAINT species_pkey PRIMARY KEY (species_id);


--
-- Name: location location_region_id_fkey; Type: FK CONSTRAINT; Schema: public; Owner: postgres
--

ALTER TABLE ONLY public.location
    ADD CONSTRAINT location_region_id_fkey FOREIGN KEY (region_id) REFERENCES public.region(region_id);


--
-- Name: observation observation_location_id_fkey; Type: FK CONSTRAINT; Schema: public; Owner: postgres
--

ALTER TABLE ONLY public.observation
    ADD CONSTRAINT observation_location_id_fkey FOREIGN KEY (location_id) REFERENCES public.location(location_id);


--
-- Name: observation observation_observation_type_id_fkey; Type: FK CONSTRAINT; Schema: public; Owner: postgres
--

ALTER TABLE ONLY public.observation
    ADD CONSTRAINT observation_observation_type_id_fkey FOREIGN KEY (observation_type_id) REFERENCES public.observation_type(observation_type_id);


--
-- Name: observation observation_photo_id_fkey; Type: FK CONSTRAINT; Schema: public; Owner: postgres
--

ALTER TABLE ONLY public.observation
    ADD CONSTRAINT observation_photo_id_fkey FOREIGN KEY (photo_id) REFERENCES public.photo(photo_id) ON DELETE SET NULL;


--
-- Name: observation observation_species_id_fkey; Type: FK CONSTRAINT; Schema: public; Owner: postgres
--

ALTER TABLE ONLY public.observation
    ADD CONSTRAINT observation_species_id_fkey FOREIGN KEY (species_id) REFERENCES public.species(species_id);


--
-- Name: printout printout_book_id_fkey; Type: FK CONSTRAINT; Schema: public; Owner: postgres
--

ALTER TABLE ONLY public.printout
    ADD CONSTRAINT printout_book_id_fkey FOREIGN KEY (book_id) REFERENCES public.book(book_id);


--
-- Name: printout printout_photo_id_fkey; Type: FK CONSTRAINT; Schema: public; Owner: postgres
--

ALTER TABLE ONLY public.printout
    ADD CONSTRAINT printout_photo_id_fkey FOREIGN KEY (photo_id) REFERENCES public.photo(photo_id);


--
-- Name: species species_category_id_fkey; Type: FK CONSTRAINT; Schema: public; Owner: postgres
--

ALTER TABLE ONLY public.species
    ADD CONSTRAINT species_category_id_fkey FOREIGN KEY (category_id) REFERENCES public.category(category_id);


--
-- PostgreSQL database dump complete
--

